key_row,realtor_cbsa_title,zillow_region_name,redfin_region,census_msa,region_type,state_abbreviation,alternative_name
united_states,United States,United States,National,United States,country,US,United States
alabama,alabama,Alabama,Alabama,Alabama,state,AL,Alabama
alaska,alaska,Alaska,Alaska,Alaska,state,AK,Alaska
arizona,arizona,Arizona,Arizona,Arizona,state,AZ,Arizona
arkansas,arkansas,Arkansas,Arkansas,Arkansas,state,AR,Arkansas
california,california,California,California,California,state,CA,California
colorado,colorado,Colorado,Colorado,Colorado,state,CO,Colorado
connecticut,connecticut,Connecticut,Connecticut,Connecticut,state,CT,Connecticut
delaware,delaware,Delaware,Delaware,Delaware,state,DE,Delaware
florida,florida,Florida,Florida,Florida,state,FL,Florida
georgia,georgia,Georgia,Georgia,Georgia,state,GA,Georgia
hawaii,hawaii,Hawaii,Hawaii,Hawaii,state,HI,Hawaii
idaho,idaho,Idaho,Idaho,Idaho,state,ID,Idaho
illinois,illinois,Illinois,Illinois,Illinois,state,IL,Illinois
indiana,indiana,Indiana,Indiana,Indiana,state,IN,Indiana
iowa,iowa,Iowa,Iowa,Iowa,state,IA,Iowa
kansas,kansas,Kansas,Kansas,Kansas,state,KS,Kansas
kentucky,kentucky,Kentucky,Kentucky,Kentucky,state,KY,Kentucky
louisiana,louisiana,Louisiana,Louisiana,Louisiana,state,LA,Louisiana
maine,maine,Maine,Maine,Maine,state,ME,Maine
maryland,maryland,Maryland,Maryland,Maryland,state,MD,Maryland
massachusetts,massachusetts,Massachusetts,Massachusetts,Massachusetts,state,MA,Massachusetts
michigan,michigan,Michigan,Michigan,Michigan,state,MI,Michigan
minnesota,minnesota,Minnesota,Minnesota,Minnesota,state,MN,Minnesota
mississippi,mississippi,Mississippi,Mississippi,Mississippi,state,MS,Mississippi
missouri,missouri,Missouri,Missouri,Missouri,state,MO,Missouri
montana,montana,Montana,Montana,Montana,state,MT,Montana
nebraska,nebraska,Nebraska,Nebraska,Nebraska,state,NE,Nebraska
nevada,nevada,Nevada,Nevada,Nevada,state,NV,Nevada
new_hampshire,new hampshire,New Hampshire,New Hampshire,New Hampshire,state,NH,New Hampshire
new_jersey,new jersey,New Jersey,New Jersey,New Jersey,state,NJ,New Jersey
new_mexico,new mexico,New Mexico,New Mexico,New Mexico,state,NM,New Mexico
new_york,new york,New York,New York,New York,state,NY,New York
north_carolina,north carolina,North Carolina,North Carolina,North Carolina,state,NC,North Carolina
north_dakota,north dakota,North Dakota,North Dakota,North Dakota,state,ND,North Dakota
ohio,ohio,Ohio,Ohio,Ohio,state,OH,Ohio
oklahoma,oklahoma,Oklahoma,Oklahoma,Oklahoma,state,OK,Oklahoma
oregon,oregon,Oregon,Oregon,Oregon,state,OR,Oregon
pennsylvania,pennsylvania,Pennsylvania,Pennsylvania,Pennsylvania,state,PA,Pennsylvania
rhode_island,rhode island,Rhode Island,Rhode Island,Rhode Island,state,RI,Rhode Island
south_carolina,south carolina,South Carolina,South Carolina,South Carolina,state,SC,South Carolina
south_dakota,south dakota,South Dakota,South Dakota,South Dakota,state,SD,South Dakota
tennessee,tennessee,Tennessee,Tennessee,Tennessee,state,TN,Tennessee
texas,texas,Texas,Texas,Texas,state,TX,Texas
utah,utah,Utah,Utah,Utah,state,UT,Utah
vermont,vermont,Vermont,Vermont,Vermont,state,VT,Vermont
virginia,virginia,Virginia,Virginia,Virginia,state,VA,Virginia
washington,washington,Washington,Washington,Washington,state,WA,Washington
west_virginia,west virginia,West Virginia,West Virginia,West Virginia,state,WV,West Virginia
wisconsin,wisconsin,Wisconsin,Wisconsin,Wisconsin,state,WI,Wisconsin
wyoming,wyoming,Wyoming,Wyoming,Wyoming,state,WY,Wyoming
washington_dc,district of columbia,District of Columbia,Columbia,District of Columbia,state,DC,Washington DC
puerto_rico,,Puerto Rico,,Puerto Rico,state,CO,Puerto Rico
new_york_ny,"New York-Newark-Jersey City, NY-NJ","New York, NY",,"New York-Newark-Jersey City, NY-NJ-PA",metro,NY,
los_angeles_ca,"los angeles-long beach-anaheim, ca","Los Angeles, CA",,"Los Angeles-Long Beach-Anaheim, CA",metro,CA,
chicago_il,"Chicago-Naperville-Elgin, IL-IN","Chicago, IL",,"Chicago-Naperville-Elgin, IL-IN-WI",metro,IL,
dallas_tx,"dallas-fort worth-arlington, tx","Dallas, TX",,"Dallas-Fort Worth-Arlington, TX",metro,TX,
houston_tx,"Houston-Pasadena-The Woodlands, TX","Houston, TX",,"Houston-The Woodlands-Sugar Land, TX",metro,TX,
philadelphia_pa,"philadelphia-camden-wilmington, pa-nj-de-md","Philadelphia, PA",,"Philadelphia-Camden-Wilmington, PA-NJ-DE-MD",metro,PA,
washington_dc,"washington-arlington-alexandria, dc-va-md-wv","Washington, DC",,"Washington-Arlington-Alexandria, DC-VA-MD-WV",metro,DC,
miami_fl,"Miami-Fort Lauderdale-West Palm Beach, FL","Miami, FL",,"Miami-Fort Lauderdale-Pompano Beach, FL",metro,FL,
atlanta_ga,"Atlanta-Sandy Springs-Roswell, GA","Atlanta, GA",,"Atlanta-Sandy Springs-Alpharetta, GA",metro,GA,
boston_ma,"boston-cambridge-newton, ma-nh","Boston, MA",,"Boston-Cambridge-Newton, MA-NH",metro,MA,
san_francisco_ca,"San Francisco-Oakland-Fremont, CA","San Francisco, CA",,"San Francisco-Oakland-Berkeley, CA",metro,CA,
detroit_mi,"detroit-warren-dearborn, mi","Detroit, MI",,"Detroit-Warren-Dearborn, MI",metro,MI,
phoenix_az,"Phoenix-Mesa-Chandler, AZ","Phoenix, AZ",,"Phoenix-Mesa-Chandler, AZ",metro,AZ,
seattle_wa,"seattle-tacoma-bellevue, wa","Seattle, WA",,"Seattle-Tacoma-Bellevue, WA",metro,WA,
minneapolis_mn,"minneapolis-st. paul-bloomington, mn-wi","Minneapolis, MN",,"Minneapolis-St. Paul-Bloomington, MN-WI",metro,MN,
riverside_ca,"riverside-san bernardino-ontario, ca","Riverside, CA",,"Riverside-San Bernardino-Ontario, CA",metro,CA,
tampa_fl,"tampa-st. petersburg-clearwater, fl","Tampa, FL",,"Tampa-St. Petersburg-Clearwater, FL",metro,FL,
san_diego_ca,"San Diego-Chula Vista-Carlsbad, CA","San Diego, CA",,"San Diego-Chula Vista-Carlsbad, CA",metro,CA,
st_louis_mo,"st. louis, mo-il","St. Louis, MO",,"St. Louis, MO-IL",metro,MO,
denver_co,"Denver-Aurora-Centennial, CO","Denver, CO",,"Denver-Aurora-Lakewood, CO",metro,CO,
baltimore_md,"baltimore-columbia-towson, md","Baltimore, MD",,"Baltimore-Columbia-Towson, MD",metro,MD,
pittsburgh_pa,"pittsburgh, pa","Pittsburgh, PA",,"Pittsburgh, PA",metro,PA,
portland_or,"portland-vancouver-hillsboro, or-wa","Portland, OR",,"Portland-Vancouver-Hillsboro, OR-WA",metro,OR,
charlotte_nc,"charlotte-concord-gastonia, nc-sc","Charlotte, NC",,"Charlotte-Concord-Gastonia, NC-SC",metro,NC,
orlando_fl,"orlando-kissimmee-sanford, fl","Orlando, FL",,"Orlando-Kissimmee-Sanford, FL",metro,FL,
cleveland_oh,"Cleveland, OH","Cleveland, OH",,"Cleveland-Elyria, OH",metro,OH,
san_antonio_tx,"san antonio-new braunfels, tx","San Antonio, TX",,"San Antonio-New Braunfels, TX",metro,TX,
cincinnati_oh,"cincinnati, oh-ky-in","Cincinnati, OH",,"Cincinnati, OH-KY-IN",metro,OH,
sacramento_ca,"Sacramento-Roseville-Folsom, CA","Sacramento, CA",,"Sacramento-Roseville-Folsom, CA",metro,CA,
kansas_city_mo,"kansas city, mo-ks","Kansas City, MO",,"Kansas City, MO-KS",metro,MO,
columbus_oh,"columbus, oh","Columbus, OH",,"Columbus, OH",metro,OH,
indianapolis_in,"Indianapolis-Carmel-Greenwood, IN","Indianapolis, IN",,"Indianapolis-Carmel-Anderson, IN",metro,IN,
las_vegas_nv,"Las Vegas-Henderson-North Las Vegas, NV","Las Vegas, NV",,"Las Vegas-Henderson-Paradise, NV",metro,NV,
austin_tx,"Austin-Round Rock-San Marcos, TX","Austin, TX",,"Austin-Round Rock-Georgetown, TX",metro,TX,
nashville_tn,"nashville-davidson--murfreesboro--franklin, tn","Nashville, TN",,"Nashville-Davidson--Murfreesboro--Franklin, TN",metro,TN,
san_jose_ca,"san jose-sunnyvale-santa clara, ca","San Jose, CA",,"San Jose-Sunnyvale-Santa Clara, CA",metro,CA,
virginia_beach_va,"Virginia Beach-Chesapeake-Norfolk, VA-NC","Virginia Beach, VA",,"Virginia Beach-Norfolk-Newport News, VA-NC",metro,VA,
milwaukee_wi,"Milwaukee-Waukesha, WI","Milwaukee, WI",,"Milwaukee-Waukesha, WI",metro,WI,
providence_ri,"providence-warwick, ri-ma","Providence, RI",,"Providence-Warwick, RI-MA",metro,RI,
jacksonville_fl,"jacksonville, fl","Jacksonville, FL",,"Jacksonville, FL",metro,FL,
oklahoma_city_ok,"oklahoma city, ok","Oklahoma City, OK",,"Oklahoma City, OK",metro,OK,
louisville_ky,"louisville/jefferson county, ky-in","Louisville, KY",,"Louisville/Jefferson County, KY-IN",metro,KY,
memphis_tn,"memphis, tn-ms-ar","Memphis, TN",,"Memphis, TN-MS-AR",metro,TN,
new_orleans_la,"new orleans-metairie, la","New Orleans, LA",,"New Orleans-Metairie, LA",metro,LA,
richmond_va,"richmond, va","Richmond, VA",,"Richmond, VA",metro,VA,
raleigh_nc,"Raleigh-Cary, NC","Raleigh, NC",,"Raleigh-Cary, NC",metro,NC,
buffalo_ny,"Buffalo-Cheektowaga, NY","Buffalo, NY",,"Buffalo-Cheektowaga, NY",metro,NY,
hartford_ct,"Hartford-West Hartford-East Hartford, CT","Hartford, CT",,"Hartford-East Hartford-Middletown, CT",metro,CT,
birmingham_al,"Birmingham, AL","Birmingham, AL",,"Birmingham-Hoover, AL",metro,AL,
rochester_ny,"rochester, ny","Rochester, NY",,"Rochester, NY",metro,NY,
tucson_az,"tucson, az","Tucson, AZ",,"Tucson, AZ",metro,AZ,
salt_lake_city_ut,"Salt Lake City-Murray, UT","Salt Lake City, UT",,"Salt Lake City, UT",metro,UT,
grand_rapids_mi,"Grand Rapids-Wyoming-Kentwood, MI","Grand Rapids, MI",,"Grand Rapids-Kentwood, MI",metro,MI,
tulsa_ok,"tulsa, ok","Tulsa, OK",,"Tulsa, OK",metro,OK,
albany_ny,"albany-schenectady-troy, ny","Albany, NY",,"Albany-Schenectady-Troy, NY",metro,NY,
albuquerque_nm,"albuquerque, nm","Albuquerque, NM",,"Albuquerque, NM",metro,NM,
omaha_ne,"Omaha, NE-IA","Omaha, NE",,"Omaha-Council Bluffs, NE-IA",metro,NE,
worcester_ma,"Worcester, MA","Worcester, MA",,"Worcester, MA-CT",metro,MA,
knoxville_tn,"knoxville, tn","Knoxville, TN",,"Knoxville, TN",metro,TN,
bridgeport_ct,"Bridgeport-Stamford-Danbury, CT","Bridgeport, CT",,"Bridgeport-Stamford-Norwalk, CT",metro,CT,
greenville_sc,"Greenville-Anderson-Greer, SC","Greenville, SC",,"Greenville-Anderson, SC",metro,SC,
north_port_fl,"North Port-Bradenton-Sarasota, FL","North Port, FL",,"North Port-Sarasota-Bradenton, FL",metro,FL,
new_haven_ct,"New Haven, CT","New Haven, CT",,"New Haven-Milford, CT",metro,CT,
dayton_oh,"Dayton-Kettering-Beavercreek, OH","Dayton, OH",,"Dayton-Kettering, OH",metro,OH,
honolulu_hi,"urban honolulu, hi","Urban Honolulu, HI",,"Urban Honolulu, HI",metro,HI,
allentown_pa,"allentown-bethlehem-easton, pa-nj","Allentown, PA",,"Allentown-Bethlehem-Easton, PA-NJ",metro,PA,
columbia_sc,"columbia, sc","Columbia, SC",,"Columbia, SC",metro,SC,
baton_rouge_la,"baton rouge, la","Baton Rouge, LA",,"Baton Rouge, LA",metro,LA,
greensboro_nc,"greensboro-high point, nc","Greensboro, NC",,"Greensboro-High Point, NC",metro,NC,
fresno_ca,"fresno, ca","Fresno, CA",,"Fresno, CA",metro,CA,
charleston_sc,"charleston-north charleston, sc","Charleston, SC",,"Charleston-North Charleston, SC",metro,SC,
little_rock_ar,"little rock-north little rock-conway, ar","Little Rock, AR",,"Little Rock-North Little Rock-Conway, AR",metro,AR,
cape_coral_fl,"cape coral-fort myers, fl","Cape Coral, FL",,"Cape Coral-Fort Myers, FL",metro,FL,
akron_oh,"akron, oh","Akron, OH",,"Akron, OH",metro,OH,
el_paso_tx,"el paso, tx","El Paso, TX",,"El Paso, TX",metro,TX,
oxnard_ca,"oxnard-thousand oaks-ventura, ca","Oxnard, CA",,"Oxnard-Thousand Oaks-Ventura, CA",metro,CA,
colorado_springs_co,"colorado springs, co","Colorado Springs, CO",,"Colorado Springs, CO",metro,CO,
madison_wi,"madison, wi","Madison, WI",,"Madison, WI",metro,WI,
bakersfield_ca,"Bakersfield-Delano, CA","Bakersfield, CA",,"Bakersfield, CA",metro,CA,
winston_salem_nc,"winston-salem, nc","Winston, NC",,"Winston-Salem, NC",metro,NC,
syracuse_ny,"syracuse, ny","Syracuse, NY",,"Syracuse, NY",metro,NY,
deltona_fl,"deltona-daytona beach-ormond beach, fl","Deltona, FL",,"Deltona-Daytona Beach-Ormond Beach, FL",metro,FL,
boise_city_id,"boise city, id","Boise City, ID",,"Boise City, ID",metro,ID,
wichita_ks,"wichita, ks","Wichita, KS",,"Wichita, KS",metro,KS,
toledo_oh,"toledo, oh","Toledo, OH",,"Toledo, OH",metro,OH,
des_moines_ia,"des moines-west des moines, ia","Des Moines, IA",,"Des Moines-West Des Moines, IA",metro,IA,
springfield_ma,"springfield, ma","Springfield, MA",,"Springfield, MA",metro,MA,
lakeland_fl,"lakeland-winter haven, fl","Lakeland, FL",,"Lakeland-Winter Haven, FL",metro,FL,
palm_bay_fl,"palm bay-melbourne-titusville, fl","Palm Bay, FL",,"Palm Bay-Melbourne-Titusville, FL",metro,FL,
mcallen_tx,"mcallen-edinburg-mission, tx","McAllen, TX",,"McAllen-Edinburg-Mission, TX",metro,TX,
harrisburg_pa,"harrisburg-carlisle, pa","Harrisburg, PA",,"Harrisburg-Carlisle, PA",metro,PA,
scranton_pa,"Scranton--Wilkes-Barre, PA","Scranton, PA",,"Scranton--Wilkes-Barre, PA",metro,PA,
augusta_ga,"augusta-richmond county, ga-sc","Augusta, GA",,"Augusta-Richmond County, GA-SC",metro,GA,
youngstown_oh,"Youngstown-Warren, OH","Youngstown, OH",,"Youngstown-Warren-Boardman, OH-PA",metro,OH,
stockton_ca,"Stockton-Lodi, CA","Stockton, CA",,"Stockton, CA",metro,CA,
durham_nc,"durham-chapel hill, nc","Durham, NC",,"Durham-Chapel Hill, NC",metro,NC,
portland_me,"portland-south portland, me","Portland, ME",,"Portland-South Portland, ME",metro,ME,
spokane_wa,"spokane-spokane valley, wa","Spokane, WA",,"Spokane-Spokane Valley, WA",metro,WA,
chattanooga_tn,"chattanooga, tn-ga","Chattanooga, TN",,"Chattanooga, TN-GA",metro,TN,
jackson_ms,"jackson, ms","Jackson, MS",,"Jackson, MS",metro,MS,
ogden_ut,"Ogden, UT","Ogden, UT",,"Ogden-Clearfield, UT",metro,UT,
lexington_ky,"lexington-fayette, ky","Lexington, KY",,"Lexington-Fayette, KY",metro,KY,
lancaster_pa,"lancaster, pa","Lancaster, PA",,"Lancaster, PA",metro,PA,
santa_rosa_ca,"Santa Rosa-Petaluma, CA","Santa Rosa, CA",,"Santa Rosa-Petaluma, CA",metro,CA,
fayetteville_ar,"Fayetteville-Springdale-Rogers, AR","Fayetteville, AR",,"Fayetteville-Springdale-Rogers, AR",metro,AR,
asheville_nc,"asheville, nc","Asheville, NC",,"Asheville, NC",metro,NC,
lafayette_la,"lafayette, la","Lafayette, LA",,"Lafayette, LA",metro,LA,
lansing_mi,"lansing-east lansing, mi","Lansing, MI",,"Lansing-East Lansing, MI",metro,MI,
pensacola_fl,"pensacola-ferry pass-brent, fl","Pensacola, FL",,"Pensacola-Ferry Pass-Brent, FL",metro,FL,
springfield_mo,"springfield, mo","Springfield, MO",,"Springfield, MO",metro,MO,
myrtle_beach_sc,"Myrtle Beach-Conway-North Myrtle Beach, SC","Myrtle Beach, SC",,"Myrtle Beach-Conway-North Myrtle Beach, SC-NC",metro,SC,
port_st_lucie_fl,"port st. lucie, fl","Port St. Lucie, FL",,"Port St. Lucie, FL",metro,FL,
huntsville_al,"huntsville, al","Huntsville, AL",,"Huntsville, AL",metro,AL,
shreveport_la,"shreveport-bossier city, la","Shreveport, LA",,"Shreveport-Bossier City, LA",metro,LA,
reno_nv,"reno, nv","Reno, NV",,"Reno, NV",metro,NV,
modesto_ca,"modesto, ca","Modesto, CA",,"Modesto, CA",metro,CA,
york_pa,"york-hanover, pa","York, PA",,"York-Hanover, PA",metro,PA,
corpus_christi_tx,"corpus christi, tx","Corpus Christi, TX",,"Corpus Christi, TX",metro,TX,
fort_wayne_in,"fort wayne, in","Fort Wayne, IN",,"Fort Wayne, IN",metro,IN,
canton_oh,"canton-massillon, oh","Canton, OH",,"Canton-Massillon, OH",metro,OH,
flint_mi,"flint, mi","Flint, MI",,"Flint, MI",metro,MI,
provo_ut,"Provo-Orem-Lehi, UT","Provo, UT",,"Provo-Orem, UT",metro,UT,
mobile_al,"mobile, al","Mobile, AL",,"Mobile, AL",metro,AL,
manchester_nh,"manchester-nashua, nh","Manchester, NH",,"Manchester-Nashua, NH",metro,NH,
davenport_ia,"davenport-moline-rock island, ia-il","Davenport, IA",,"Davenport-Moline-Rock Island, IA-IL",metro,IA,
salisbury_md,"Salisbury, MD","Salisbury, MD",,"Salisbury, MD-DE",metro,MD,
killeen_tx,"killeen-temple, tx","Killeen, TX",,"Killeen-Temple, TX",metro,TX,
reading_pa,"reading, pa","Reading, PA",,"Reading, PA",metro,PA,
beaumont_tx,"beaumont-port arthur, tx","Beaumont, TX",,"Beaumont-Port Arthur, TX",metro,TX,
peoria_il,"peoria, il","Peoria, IL",,"Peoria, IL",metro,IL,
vallejo_ca,"Vallejo, CA","Vallejo, CA",,"Vallejo, CA",metro,CA,
eugene_or,"Eugene-Springfield, OR","Eugene, OR",,"Eugene-Springfield, OR",metro,OR,
gulfport_ms,"Gulfport-Biloxi, MS","Gulfport, MS",,"Gulfport-Biloxi, MS",metro,MS,
fayetteville_nc,"fayetteville, nc","Fayetteville, NC",,"Fayetteville, NC",metro,NC,
tallahassee_fl,"tallahassee, fl","Tallahassee, FL",,"Tallahassee, FL",metro,FL,
santa_maria_ca,"santa maria-santa barbara, ca","Santa Maria, CA",,"Santa Maria-Santa Barbara, CA",metro,CA,
naples_fl,"Naples-Marco Island, FL","Naples, FL",,"Naples-Marco Island, FL",metro,FL,
huntington_wv,"huntington-ashland, wv-ky-oh","Huntington, WV",,"Huntington-Ashland, WV-KY-OH",metro,WV,
salem_or,"salem, or","Salem, OR",,"Salem, OR",metro,OR,
anchorage_ak,"anchorage, ak","Anchorage, AK",,"Anchorage, AK",metro,AK,
savannah_ga,"savannah, ga","Savannah, GA",,"Savannah, GA",metro,GA,
ann_arbor_mi,"ann arbor, mi","Ann Arbor, MI",,"Ann Arbor, MI",metro,MI,
hickory_nc,"hickory-lenoir-morganton, nc","Hickory, NC",,"Hickory-Lenoir-Morganton, NC",metro,NC,
ocala_fl,"ocala, fl","Ocala, FL",,"Ocala, FL",metro,FL,
montgomery_al,"montgomery, al","Montgomery, AL",,"Montgomery, AL",metro,AL,
visalia_ca,"Visalia, CA","Visalia, CA",,"Visalia, CA",metro,CA,
fort_collins_co,"Fort Collins-Loveland, CO","Fort Collins, CO",,"Fort Collins, CO",metro,CO,
trenton_nj,"Trenton-Princeton, NJ","Trenton, NJ",,"Trenton-Princeton, NJ",metro,NJ,
kalamazoo_mi,"kalamazoo-portage, mi","Kalamazoo, MI",,"Kalamazoo-Portage, MI",metro,MI,
salinas_ca,"salinas, ca","Salinas, CA",,"Salinas, CA",metro,CA,
roanoke_va,"roanoke, va","Roanoke, VA",,"Roanoke, VA",metro,VA,
boulder_co,"boulder, co","Boulder, CO",,"Boulder, CO",metro,CO,
kingsport_tn,"Kingsport-Bristol, TN-VA","Kingsport, TN",,"Kingsport-Bristol, TN-VA",metro,TN,
rockford_il,"rockford, il","Rockford, IL",,"Rockford, IL",metro,IL,
lincoln_ne,"lincoln, ne","Lincoln, NE",,"Lincoln, NE",metro,NE,
evansville_in,"Evansville, IN","Evansville, IN",,"Evansville, IN-KY",metro,IN,
green_bay_wi,"green bay, wi","Green Bay, WI",,"Green Bay, WI",metro,WI,
brownsville_tx,"brownsville-harlingen, tx","Brownsville, TX",,"Brownsville-Harlingen, TX",metro,TX,
spartanburg_sc,"spartanburg, sc","Spartanburg, SC",,"Spartanburg, SC",metro,SC,
south_bend_in,"south bend-mishawaka, in-mi","South Bend, IN",,"South Bend-Mishawaka, IN-MI",metro,IN,
columbus_ga,"columbus, ga-al","Columbus, GA",,"Columbus, GA-AL",metro,GA,
utica_ny,"utica-rome, ny","Utica, NY",,"Utica-Rome, NY",metro,NY,
duluth_mn,"duluth, mn-wi","Duluth, MN",,"Duluth, MN-WI",metro,MN,
lubbock_tx,"lubbock, tx","Lubbock, TX",,"Lubbock, TX",metro,TX,
wilmington_nc,"wilmington, nc","Wilmington, NC",,"Wilmington, NC",metro,NC,
gainesville_fl,"gainesville, fl","Gainesville, FL",,"Gainesville, FL",metro,FL,
erie_pa,"erie, pa","Erie, PA",,"Erie, PA",metro,PA,
olympia_wa,"Olympia-Lacey-Tumwater, WA","Olympia, WA",,"Olympia-Lacey-Tumwater, WA",metro,WA,
cedar_rapids_ia,"cedar rapids, ia","Cedar Rapids, IA",,"Cedar Rapids, IA",metro,IA,
fort_smith_ar,"fort smith, ar-ok","Fort Smith, AR",,"Fort Smith, AR-OK",metro,AR,
crestview_fl,"crestview-fort walton beach-destin, fl","Crestview, FL",,"Crestview-Fort Walton Beach-Destin, FL",metro,FL,
norwich_ct,"Norwich-New London-Willimantic, CT","Norwich, CT",,"Norwich-New London, CT",metro,CT,
san_luis_obispo_ca,"San Luis Obispo-Paso Robles, CA","San Luis Obispo, CA",,"San Luis Obispo-Paso Robles, CA",metro,CA,
clarksville_tn,"clarksville, tn-ky","Clarksville, TN",,"Clarksville, TN-KY",metro,TN,
lynchburg_va,"lynchburg, va","Lynchburg, VA",,"Lynchburg, VA",metro,VA,
atlantic_city_nj,"atlantic city-hammonton, nj","Atlantic City, NJ",,"Atlantic City-Hammonton, NJ",metro,NJ,
greeley_co,"greeley, co","Greeley, CO",,"Greeley, CO",metro,CO,
bremerton_wa,"Bremerton-Silverdale-Port Orchard, WA","Bremerton, WA",,"Bremerton-Silverdale-Port Orchard, WA",metro,WA,
sioux_falls_sd,"Sioux Falls, SD-MN","Sioux Falls, SD",,"Sioux Falls, SD",metro,SD,
binghamton_ny,"binghamton, ny","Binghamton, NY",,"Binghamton, NY",metro,NY,
amarillo_tx,"amarillo, tx","Amarillo, TX",,"Amarillo, TX",metro,TX,
santa_cruz_ca,"santa cruz-watsonville, ca","Santa Cruz, CA",,"Santa Cruz-Watsonville, CA",metro,CA,
hagerstown_md,"hagerstown-martinsburg, md-wv","Hagerstown, MD",,"Hagerstown-Martinsburg, MD-WV",metro,MD,
fargo_nd,"fargo, nd-mn","Fargo, ND",,"Fargo, ND-MN",metro,ND,
kennewick_wa,"kennewick-richland, wa","Kennewick, WA",,"Kennewick-Richland, WA",metro,WA,
waco_tx,"waco, tx","Waco, TX",,"Waco, TX",metro,TX,
champaign_il,"champaign-urbana, il","Champaign, IL",,"Champaign-Urbana, IL",metro,IL,
prescott_az,"Prescott Valley-Prescott, AZ","Prescott Valley, AZ",,"Prescott Valley-Prescott, AZ",metro,AZ,
barnstable_town_ma,"barnstable town, ma","Barnstable Town, MA",,"Barnstable Town, MA",metro,MA,
charleston_wv,"charleston, wv","Charleston, WV",,"Charleston, WV",metro,WV,
tuscaloosa_al,"tuscaloosa, al","Tuscaloosa, AL",,"Tuscaloosa, AL",metro,AL,
topeka_ks,"topeka, ks","Topeka, KS",,"Topeka, KS",metro,KS,
college_station_tx,"college station-bryan, tx","College Station, TX",,"College Station-Bryan, TX",metro,TX,
appleton_wi,"appleton, wi","Appleton, WI",,"Appleton, WI",metro,WI,
claremont_nh,"Lebanon-Claremont, NH-VT","Lebanon, NH",,"Lebanon, NH-VT",metro,NH,
chico_ca,"chico, ca","Chico, CA",,"Chico, CA",metro,CA,
charlottesville_va,"charlottesville, va","Charlottesville, VA",,"Charlottesville, VA",metro,VA,
springfield_il,"springfield, il","Springfield, IL",,"Springfield, IL",metro,IL,
macon_ga,"Macon-Bibb County, GA","Macon, GA",,"Macon-Bibb County, GA",metro,GA,
medford_or,"medford, or","Medford, OR",,"Medford, OR",metro,OR,
burlington_vt,"burlington-south burlington, vt","Burlington, VT",,"Burlington-South Burlington, VT",metro,VT,
rochester_mn,"rochester, mn","Rochester, MN",,"Rochester, MN",metro,MN,
bellingham_wa,"bellingham, wa","Bellingham, WA",,"Bellingham, WA",metro,WA,
johnson_city_tn,"johnson city, tn","Johnson City, TN",,"Johnson City, TN",metro,TN,
tyler_tx,"tyler, tx","Tyler, TX",,"Tyler, TX",metro,TX,
hilton_head_island_sc,"Hilton Head Island-Bluffton-Port Royal, SC","Hilton Head Island, SC",,"Hilton Head Island-Bluffton, SC",metro,SC,
lake_havasu_city_az,"lake havasu city-kingman, az","Lake Havasu City, AZ",,"Lake Havasu City-Kingman, AZ",metro,AZ,
daphne_al,"daphne-fairhope-foley, al","Daphne, AL",,"Daphne-Fairhope-Foley, AL",metro,AL,
yakima_wa,"yakima, wa","Yakima, WA",,"Yakima, WA",metro,WA,
lafayette_in,"lafayette-west lafayette, in","Lafayette, IN",,"Lafayette-West Lafayette, IN",metro,IN,
longview_tx,"longview, tx","Longview, TX",,"Longview, TX",metro,TX,
florence_sc,"florence, sc","Florence, SC",,"Florence, SC",metro,SC,
lake_charles_la,"lake charles, la","Lake Charles, LA",,"Lake Charles, LA",metro,LA,
punta_gorda_fl,"punta gorda, fl","Punta Gorda, FL",,"Punta Gorda, FL",metro,FL,
panama_city_fl,"Panama City-Panama City Beach, FL","Panama City, FL",,"Panama City, FL",metro,FL,
merced_ca,"merced, ca","Merced, CA",,"Merced, CA",metro,CA,
las_cruces_nm,"las cruces, nm","Las Cruces, NM",,"Las Cruces, NM",metro,NM,
houma_la,"Houma-Bayou Cane-Thibodaux, LA","Houma, LA",,"Houma-Thibodaux, LA",metro,LA,
saginaw_mi,"saginaw, mi","Saginaw, MI",,"Saginaw, MI",metro,MI,
racine_wi,"Racine-Mount Pleasant, WI","Racine, WI",,"Racine, WI",metro,WI,
athens_ga,"athens-clarke county, ga","Athens, GA",,"Athens-Clarke County, GA",metro,GA,
torrington_ct,"torrington, ct","Torrington, CT",,"Torrington, CT",metro,CT,
st_cloud_mn,"st. cloud, mn","St. Cloud, MN",,"St. Cloud, MN",metro,MN,
bloomington_il,"bloomington, il","Bloomington, IL",,"Bloomington, IL",metro,IL,
laredo_tx,"laredo, tx","Laredo, TX",,"Laredo, TX",metro,TX,
hilo_hi,"Hilo-Kailua, HI","Hilo, HI",,"Hilo, HI",metro,HI,
redding_ca,"redding, ca","Redding, CA",,"Redding, CA",metro,CA,
elkhart_in,"elkhart-goshen, in","Elkhart, IN",,"Elkhart-Goshen, IN",metro,IN,
warner_robins_ga,"warner robins, ga","Warner Robins, GA",,"Warner Robins, GA",metro,GA,
blacksburg_va,"blacksburg-christiansburg-radford, va","Blacksburg, VA",,"Blacksburg-Christiansburg, VA",metro,VA,
greenville_nc,"greenville, nc","Greenville, NC",,"Greenville, NC",metro,NC,
bend_or,"Bend, OR","Bend, OR",,"Bend, OR",metro,OR,
billings_mt,"billings, mt","Billings, MT",,"Billings, MT",metro,MT,
kingston_ny,"kingston, ny","Kingston, NY",,"Kingston, NY",metro,NY,
oshkosh_wi,"oshkosh-neenah, wi","Oshkosh, WI",,"Oshkosh-Neenah, WI",metro,WI,
monroe_la,"monroe, la","Monroe, LA",,"Monroe, LA",metro,LA,
columbia_mo,"columbia, mo","Columbia, MO",,"Columbia, MO",metro,MO,
waterloo_ia,"waterloo-cedar falls, ia","Waterloo, IA",,"Waterloo-Cedar Falls, IA",metro,IA,
jacksonville_nc,"jacksonville, nc","Jacksonville, NC",,"Jacksonville, NC",metro,NC,
iowa_city_ia,"iowa city, ia","Iowa City, IA",,"Iowa City, IA",metro,IA,
joplin_mo,"Joplin, MO-KS","Joplin, MO",,"Joplin, MO",metro,MO,
eau_claire_wi,"eau claire, wi","Eau Claire, WI",,"Eau Claire, WI",metro,WI,
muskegon_mi,"Muskegon-Norton Shores, MI","Muskegon, MI",,"Muskegon, MI",metro,MI,
bloomington_in,"bloomington, in","Bloomington, IN",,"Bloomington, IN",metro,IN,
yuma_az,"yuma, az","Yuma, AZ",,"Yuma, AZ",metro,AZ,
gainesville_ga,"gainesville, ga","Gainesville, GA",,"Gainesville, GA",metro,GA,
terre_haute_in,"terre haute, in","Terre Haute, IN",,"Terre Haute, IN",metro,IN,
santa_fe_nm,"santa fe, nm","Santa Fe, NM",,"Santa Fe, NM",metro,NM,
bowling_green_ky,"bowling green, ky","Bowling Green, KY",,"Bowling Green, KY",metro,KY,
pueblo_co,"pueblo, co","Pueblo, CO",,"Pueblo, CO",metro,CO,
dover_de,"dover, de","Dover, DE",,"Dover, DE",metro,DE,
abilene_tx,"abilene, tx","Abilene, TX",,"Abilene, TX",metro,TX,
sioux_city_ia,"sioux city, ia-ne-sd","Sioux City, IA",,"Sioux City, IA-NE-SD",metro,IA,
sebastian_fl,"Sebastian-Vero Beach-West Vero Corridor, FL","Sebastian, FL",,"Sebastian-Vero Beach, FL",metro,FL,
janesville_wi,"janesville-beloit, wi","Janesville, WI",,"Janesville-Beloit, WI",metro,WI,
homosassa_springs_fl,"homosassa springs, fl","Homosassa Springs, FL",,"Homosassa Springs, FL",metro,FL,
bangor_me,"bangor, me","Bangor, ME",,"Bangor, ME",metro,ME,
auburn_al,"auburn-opelika, al","Auburn, AL",,"Auburn-Opelika, AL",metro,AL,
niles_mi,"Niles, MI","Niles, MI",,"Niles, MI",metro,MI,
midland_tx,"midland, tx","Midland, TX",,"Midland, TX",metro,TX,
traverse_city_mi,"traverse city, mi","Traverse City, MI",,"Traverse City, MI",metro,MI,
burlington_nc,"burlington, nc","Burlington, NC",,"Burlington, NC",metro,NC,
florence_al,"florence-muscle shoals, al","Florence, AL",,"Florence-Muscle Shoals, AL",metro,AL,
jackson_mi,"jackson, mi","Jackson, MI",,"Jackson, MI",metro,MI,
rapid_city_sd,"rapid city, sd","Rapid City, SD",,"Rapid City, SD",metro,SD,
decatur_al,"decatur, al","Decatur, AL",,"Decatur, AL",metro,AL,
wheeling_wv,"wheeling, wv-oh","Wheeling, WV",,"Wheeling, WV-OH",metro,WV,
ottawa_il,"Ottawa, IL","Ottawa, IL",,"Ottawa, IL",metro,IL,
dothan_al,"dothan, al","Dothan, AL",,"Dothan, AL",metro,AL,
state_college_pa,"state college, pa","State College, PA",,"State College, PA",metro,PA,
chambersburg_pa,"Chambersburg, PA","Chambersburg, PA",,"Chambersburg-Waynesboro, PA",metro,PA,
coeur_dalene_id,"coeur d'alene, id","Coeur d'Alene, ID",,"Coeur d'Alene, ID",metro,ID,
east_stroudsburg_pa,"east stroudsburg, pa","East Stroudsburg, PA",,"East Stroudsburg, PA",metro,PA,
rocky_mount_nc,"rocky mount, nc","Rocky Mount, NC",,"Rocky Mount, NC",metro,NC,
grand_junction_co,"grand junction, co","Grand Junction, CO",,"Grand Junction, CO",metro,CO,
kahului_hi,"Kahului-Wailuku, HI","Kahului, HI",,"Kahului-Wailuku-Lahaina, HI",metro,HI,
alexandria_la,"alexandria, la","Alexandria, LA",,"Alexandria, LA",metro,LA,
pottsville_pa,"pottsville, pa","Pottsville, PA",,"Pottsville, PA",metro,PA,
albany_ga,"albany, ga","Albany, GA",,"Albany, GA",metro,GA,
hattiesburg_ms,"hattiesburg, ms","Hattiesburg, MS",,"Hattiesburg, MS",metro,MS,
jefferson_city_mo,"jefferson city, mo","Jefferson City, MO",,"Jefferson City, MO",metro,MO,
monroe_mi,"monroe, mi","Monroe, MI",,"Monroe, MI",metro,MI,
elizabethtown_ky,"Elizabethtown, KY","Elizabethtown, KY",,"Elizabethtown-Fort Knox, KY",metro,KY,
concord_nh,"concord, nh","Concord, NH",,"Concord, NH",metro,NH,
texarkana_tx,"texarkana, tx-ar","Texarkana, TX",,"Texarkana, TX-AR",metro,TX,
wichita_falls_tx,"wichita falls, tx","Wichita Falls, TX",,"Wichita Falls, TX",metro,TX,
morgantown_wv,"morgantown, wv","Morgantown, WV",,"Morgantown, WV",metro,WV,
the_villages_fl,"Wildwood-The Villages, FL","The Villages, FL",,"The Villages, FL",metro,FL,
eureka_ca,"Eureka-Arcata, CA","Eureka, CA",,"Eureka-Arcata, CA",metro,CA,
johnstown_pa,"johnstown, pa","Johnstown, PA",,"Johnstown, PA",metro,PA,
yuba_city_ca,"yuba city, ca","Yuba City, CA",,"Yuba City, CA",metro,CA,
odessa_tx,"odessa, tx","Odessa, TX",,"Odessa, TX",metro,TX,
la_crosse_wi,"la crosse-onalaska, wi-mn","La Crosse, WI",,"La Crosse-Onalaska, WI-MN",metro,WI,
pittsfield_ma,"pittsfield, ma","Pittsfield, MA",,"Pittsfield, MA",metro,MA,
wausau_wi,"wausau, wi","Wausau, WI",,"Wausau-Weston, WI",metro,WI,
bismarck_nd,"bismarck, nd","Bismarck, ND",,"Bismarck, ND",metro,ND,
springfield_oh,"springfield, oh","Springfield, OH",,"Springfield, OH",metro,OH,
battle_creek_mi,"battle creek, mi","Battle Creek, MI",,"Battle Creek, MI",metro,MI,
lebanon_pa,"lebanon, pa","Lebanon, PA",,"Lebanon, PA",metro,PA,
tupelo_ms,"tupelo, ms","Tupelo, MS",,"Tupelo, MS",metro,MS,
jamestown_ny,"Jamestown-Dunkirk, NY","Jamestown, NY",,"Jamestown-Dunkirk-Fredonia, NY",metro,NY,
st_george_ut,"st. george, ut","St. George, UT",,"St. George, UT",metro,UT,
carbondale_il,"Carbondale, IL","Carbondale, IL",,"Carbondale-Marion, IL",metro,IL,
valdosta_ga,"valdosta, ga","Valdosta, GA",,"Valdosta, GA",metro,GA,
el_centro_ca,"el centro, ca","El Centro, CA",,"El Centro, CA",metro,CA,
altoona_pa,"altoona, pa","Altoona, PA",,"Altoona, PA",metro,PA,
glens_falls_ny,"glens falls, ny","Glens Falls, NY",,"Glens Falls, NY",metro,NY,
vineland_nj,"Vineland, NJ","Vineland, NJ",,"Vineland-Bridgeton, NJ",metro,NJ,
winchester_va,"winchester, va-wv","Winchester, VA",,"Winchester, VA-WV",metro,VA,
augusta_me,"augusta-waterville, me","Augusta, ME",,"Augusta-Waterville, ME",metro,ME,
weirton_wv,"weirton-steubenville, wv-oh","Weirton, WV",,"Weirton-Steubenville, WV-OH",metro,WV,
napa_ca,"napa, ca","Napa, CA",,"Napa, CA",metro,CA,
new_bern_nc,"new bern, nc","New Bern, NC",,"New Bern, NC",metro,NC,
jackson_tn,"jackson, tn","Jackson, TN",,"Jackson, TN",metro,TN,
london_ky,,"London, KY",,"London, KY",metro,KY,
beckley_wv,"beckley, wv","Beckley, WV",,"Beckley, WV",metro,WV,
jonesboro_ar,"jonesboro, ar","Jonesboro, AR",,"Jonesboro, AR",metro,AR,
goldsboro_nc,"goldsboro, nc","Goldsboro, NC",,"Goldsboro, NC",metro,NC,
sierra_vista_az,"sierra vista-douglas, az","Sierra Vista, AZ",,"Sierra Vista-Douglas, AZ",metro,AZ,
staunton_va,"Staunton-Stuarts Draft, VA","Staunton, VA",,"Staunton, VA",metro,VA,
dalton_ga,"dalton, ga","Dalton, GA",,"Dalton, GA",metro,GA,
missoula_mt,"missoula, mt","Missoula, MT",,"Missoula, MT",metro,MT,
hammond_la,"hammond, la","Hammond, LA",,"Hammond, LA",metro,LA,
flagstaff_az,"flagstaff, az","Flagstaff, AZ",,"Flagstaff, AZ",metro,AZ,
lawton_ok,"lawton, ok","Lawton, OK",,"Lawton, OK",metro,OK,
sherman_tx,"sherman-denison, tx","Sherman, TX",,"Sherman-Denison, TX",metro,TX,
idaho_falls_id,"idaho falls, id","Idaho Falls, ID",,"Idaho Falls, ID",metro,ID,
lumberton_nc,"lumberton, nc","Lumberton, NC",,"Lumberton, NC",metro,NC,
mount_vernon_wa,"mount vernon-anacortes, wa","Mount Vernon, WA",,"Mount Vernon-Anacortes, WA",metro,WA,
harrisonburg_va,"harrisonburg, va","Harrisonburg, VA",,"Harrisonburg, VA",metro,VA,
mansfield_oh,"mansfield, oh","Mansfield, OH",,"Mansfield, OH",metro,OH,
st_joseph_mo,"st. joseph, mo-ks","St. Joseph, MO",,"St. Joseph, MO-KS",metro,MO,
williamsport_pa,"williamsport, pa","Williamsport, PA",,"Williamsport, PA",metro,PA,
lawrence_ks,"lawrence, ks","Lawrence, KS",,"Lawrence, KS",metro,KS,
sheboygan_wi,"sheboygan, wi","Sheboygan, WI",,"Sheboygan, WI",metro,WI,
albany_or,"albany, or","Albany, OR",,,metro,OR,
owensboro_ky,"owensboro, ky","Owensboro, KY",,"Owensboro, KY",metro,KY,
dunn_nc,,"Dunn, NC",,,metro,NC,
cleveland_tn,"cleveland, tn","Cleveland, TN",,"Cleveland, TN",metro,TN,
san_angelo_tx,"san angelo, tx","San Angelo, TX",,"San Angelo, TX",metro,TX,
muncie_in,"muncie, in","Muncie, IN",,"Muncie, IN",metro,IN,
brunswick_ga,"Brunswick-St. Simons, GA","Brunswick, GA",,"Brunswick, GA",metro,GA,
anniston_al,"Anniston-Oxford, AL","Anniston, AL",,"Anniston-Oxford, AL",metro,AL,
roseburg_or,"roseburg, or","Roseburg, OR",,"Roseburg, OR",metro,OR,
morristown_tn,"morristown, tn","Morristown, TN",,"Morristown, TN",metro,TN,
watertown_ny,"watertown-fort drum, ny","Watertown, NY",,"Watertown-Fort Drum, NY",metro,NY,
madera_ca,"Madera, CA","Madera, CA",,"Madera, CA",metro,CA,
danville_va,"danville, va","Danville, VA",,"Danville, VA",metro,VA,
decatur_il,"decatur, il","Decatur, IL",,"Decatur, IL",metro,IL,
lewiston_me,"lewiston-auburn, me","Lewiston, ME",,"Lewiston-Auburn, ME",metro,ME,
bluefield_wv,"bluefield, wv-va","Bluefield, WV",,"Bluefield, WV-VA",metro,WV,
bay_city_mi,"bay city, mi","Bay City, MI",,"Bay City, MI",metro,MI,
holland_mi,"holland, mi","Holland, MI",,"Holland, MI",metro,MI,
wenatchee_wa,"Wenatchee-East Wenatchee, WA","Wenatchee, WA",,"Wenatchee, WA",metro,WA,
cookeville_tn,"cookeville, tn","Cookeville, TN",,"Cookeville, TN",metro,TN,
wooster_oh,"wooster, oh","Wooster, OH",,"Wooster, OH",metro,OH,
sebring_fl,"sebring, fl","Sebring, FL",,"Sebring-Avon Park, FL",metro,FL,
grand_forks_nd,"grand forks, nd-mn","Grand Forks, ND",,"Grand Forks, ND-MN",metro,ND,
truckee_ca,"truckee-grass valley, ca","Truckee, CA",,"Truckee-Grass Valley, CA",metro,CA,
michigan_city_in,"michigan city-la porte, in","Michigan City, IN",,"Michigan City-La Porte, IN",metro,IN,
salem_oh,"salem, oh","Salem, OH",,"Salem, OH",metro,OH,
bozeman_mt,"bozeman, mt","Bozeman, MT",,"Bozeman, MT",metro,MT,
logan_ut,"logan, ut-id","Logan, UT",,"Logan, UT-ID",metro,UT,
farmington_nm,"farmington, nm","Farmington, NM",,"Farmington, NM",metro,NM,
hot_springs_ar,"hot springs, ar","Hot Springs, AR",,"Hot Springs, AR",metro,AR,
hanford_ca,"hanford-corcoran, ca","Hanford, CA",,"Hanford-Corcoran, CA",metro,CA,
paducah_ky,"paducah, ky-il","Paducah, KY",,"Paducah, KY-IL",metro,KY,
fond_du_lac_wi,"fond du lac, wi","Fond du Lac, WI",,"Fond du Lac, WI",metro,WI,
gadsden_al,"gadsden, al","Gadsden, AL",,"Gadsden, AL",metro,AL,
ogdensburg_ny,"Massena-Ogdensburg, NY","Ogdensburg, NY",,"Ogdensburg-Massena, NY",metro,NY,
sumter_sc,"sumter, sc","Sumter, SC",,"Sumter, SC",metro,SC,
ithaca_ny,"ithaca, ny","Ithaca, NY",,"Ithaca, NY",metro,NY,
meridian_ms,"meridian, ms","Meridian, MS",,"Meridian, MS",metro,MS,
longview_wa,"Longview-Kelso, WA","Longview, WA",,"Longview, WA",metro,WA,
richmond_ky,"richmond-berea, ky","Richmond, KY",,"Richmond-Berea, KY",metro,KY,
pinehurst_nc,"pinehurst-southern pines, nc","Pinehurst, NC",,"Pinehurst-Southern Pines, NC",metro,NC,
kalispell_mt,"kalispell, mt","Kalispell, MT",,"Kalispell, MT",metro,MT,
whitewater_wi,"whitewater-elkhorn, wi","Whitewater, WI",,"Whitewater, WI",metro,WI,
kankakee_il,"kankakee, il","Kankakee, IL",,"Kankakee, IL",metro,IL,
cheyenne_wy,"cheyenne, wy","Cheyenne, WY",,"Cheyenne, WY",metro,WY,
corning_ny,"corning, ny","Corning, NY",,"Corning, NY",metro,NY,
tullahoma_tn,"tullahoma-manchester, tn","Tullahoma, TN",,"Tullahoma-Manchester, TN",metro,TN,
lima_oh,"lima, oh","Lima, OH",,"Lima, OH",metro,OH,
california_md,"Lexington Park, MD","California, MD",,"California-Lexington Park, MD",metro,MD,
ocean_city_nj,"Ocean Pines, MD","Ocean City, NJ",,"Ocean City, NJ",metro,NJ,
cumberland_md,"cumberland, md-wv","Cumberland, MD",,"Cumberland, MD-WV",metro,MD,
cape_girardeau_mo,"cape girardeau, mo-il","Cape Girardeau, MO",,"Cape Girardeau, MO-IL",metro,MO,
parkersburg_wv,"parkersburg-vienna, wv","Parkersburg, WV",,"Parkersburg-Vienna, WV",metro,WV,
brainerd_mn,"brainerd, mn","Brainerd, MN",,"Brainerd, MN",metro,MN,
sunbury_pa,"sunbury, pa","Sunbury, PA",,"Sunbury, PA",metro,PA,
dubuque_ia,"dubuque, ia","Dubuque, IA",,"Dubuque, IA",metro,IA,
clarksburg_wv,"clarksburg, wv","Clarksburg, WV",,"Clarksburg, WV",metro,WV,
gettysburg_pa,"gettysburg, pa","Gettysburg, PA",,"Gettysburg, PA",metro,PA,
twin_falls_id,"twin falls, id","Twin Falls, ID",,"Twin Falls, ID",metro,ID,
shelby_nc,"Shelby-Kings Mountain, NC","Shelby, NC",,"Shelby, NC",metro,NC,
ashtabula_oh,"Ashtabula, OH","Ashtabula, OH",,"Ashtabula, OH",metro,OH,
mankato_mn,"Mankato, MN","Mankato, MN",,"Mankato, MN",metro,MN,
sevierville_tn,"sevierville, tn","Sevierville, TN",,"Sevierville, TN",metro,TN,
victoria_tx,"victoria, tx","Victoria, TX",,"Victoria, TX",metro,TX,
adrian_mi,"adrian, mi","Adrian, MI",,"Adrian, MI",metro,MI,
greenwood_sc,"greenwood, sc","Greenwood, SC",,"Greenwood, SC",metro,SC,
new_philadelphia_oh,"new philadelphia-dover, oh","New Philadelphia, OH",,"New Philadelphia-Dover, OH",metro,OH,
fairbanks_ak,"Fairbanks-College, AK","Fairbanks, AK",,"Fairbanks, AK",metro,AK,
show_low_az,"show low, az","Show Low, AZ",,"Show Low, AZ",metro,AZ,
ames_ia,"ames, ia","Ames, IA",,"Ames, IA",metro,IA,
new_castle_pa,"New Castle, IN","New Castle, PA",,"New Castle, PA",metro,PA,
albertville_al,"albertville, al","Albertville, AL",,"Albertville, AL",metro,AL,
corvallis_or,"corvallis, or","Corvallis, OR",,"Corvallis, OR",metro,OR,
manhattan_ks,"manhattan, ks","Manhattan, KS",,"Manhattan, KS",metro,KS,
talladega_al,"talladega-sylacauga, al","Talladega, AL",,"Talladega-Sylacauga, AL",metro,AL,
ukiah_ca,"ukiah, ca","Ukiah, CA",,"Ukiah, CA",metro,CA,
grants_pass_or,"grants pass, or","Grants Pass, OR",,"Grants Pass, OR",metro,OR,
rome_ga,"rome, ga","Rome, GA",,"Rome, GA",metro,GA,
branson_mo,"branson, mo","Branson, MO",,"Branson, MO",metro,MO,
elmira_ny,"elmira, ny","Elmira, NY",,"Elmira, NY",metro,NY,
key_west_fl,"Key West-Key Largo, FL","Key West, FL",,"Key West, FL",metro,FL,
orangeburg_sc,"orangeburg, sc","Orangeburg, SC",,"Orangeburg, SC",metro,SC,
great_falls_mt,"great falls, mt","Great Falls, MT",,"Great Falls, MT",metro,MT,
zanesville_oh,"zanesville, oh","Zanesville, OH",,"Zanesville, OH",metro,OH,
kokomo_in,"kokomo, in","Kokomo, IN",,"Kokomo, IN",metro,IN,
meadville_pa,"meadville, pa","Meadville, PA",,"Meadville, PA",metro,PA,
indiana_pa,"indiana, pa","Indiana, PA",,"Indiana, PA",metro,PA,
bloomsburg_pa,"bloomsburg-berwick, pa","Bloomsburg, PA",,"Bloomsburg-Berwick, PA",metro,PA,
beaver_dam_wi,"beaver dam, wi","Beaver Dam, WI",,"Beaver Dam, WI",metro,WI,
pine_bluff_ar,"pine bluff, ar","Pine Bluff, AR",,"Pine Bluff, AR",metro,AR,
oak_harbor_wa,"oak harbor, wa","Oak Harbor, WA",,"Oak Harbor, WA",metro,WA,
manitowoc_wi,"manitowoc, wi","Manitowoc, WI",,"Manitowoc, WI",metro,WI,
casper_wy,"casper, wy","Casper, WY",,"Casper, WY",metro,WY,
midland_mi,"midland, mi","Midland, MI",,"Midland, MI",metro,MI,
minot_nd,"minot, nd","Minot, ND",,"Minot, ND",metro,ND,
helena_mt,"helena, mt","Helena, MT",,"Helena, MT",metro,MT,
grand_island_ne,"grand island, ne","Grand Island, NE",,"Grand Island, NE",metro,NE,
watertown_wi,"watertown-fort atkinson, wi","Watertown, WI",,"Watertown-Fort Atkinson, WI",metro,WI,
port_angeles_wa,"port angeles, wa","Port Angeles, WA",,"Port Angeles, WA",metro,WA,
opelousas_la,"opelousas, la","Opelousas, LA",,"Opelousas, LA",metro,LA,
cullman_al,"cullman, al","Cullman, AL",,"Cullman, AL",metro,AL,
russellville_ar,"russellville, ar","Russellville, AR",,"Russellville, AR",metro,AR,
wilson_nc,"wilson, nc","Wilson, NC",,"Wilson, NC",metro,NC,
laurel_ms,"laurel, ms","Laurel, MS",,"Laurel, MS",metro,MS,
moses_lake_wa,"moses lake, wa","Moses Lake, WA",,"Moses Lake, WA",metro,WA,
plattsburgh_ny,"plattsburgh, ny","Plattsburgh, NY",,"Plattsburgh, NY",metro,NY,
dubois_pa,"dubois, pa","DuBois, PA",,"DuBois, PA",metro,PA,
lufkin_tx,"lufkin, tx","Lufkin, TX",,"Lufkin, TX",metro,TX,
olean_ny,"olean, ny","Olean, NY",,"Olean, NY",metro,NY,
stillwater_ok,"stillwater, ok","Stillwater, OK",,"Stillwater, OK",metro,OK,
athens_tx,"athens, tx","Athens, TX",,"Athens, TX",metro,TX,
wisconsin_rapids_wi,"wisconsin rapids-marshfield, wi","Wisconsin Rapids, WI",,"Wisconsin Rapids-Marshfield, WI",metro,WI,
columbus_in,"columbus, in","Columbus, IN",,"Columbus, IN",metro,IN,
danville_il,"danville, il","Danville, IL",,"Danville, IL",metro,IL,
sandusky_oh,"sandusky, oh","Sandusky, OH",,"Sandusky, OH",metro,OH,
hermiston_or,"hermiston-pendleton, or","Hermiston, OR",,"Hermiston-Pendleton, OR",metro,OR,
quincy_il,"quincy, il-mo","Quincy, IL",,"Quincy, IL-MO",metro,IL,
auburn_ny,"auburn, ny","Auburn, NY",,"Auburn, NY",metro,NY,
seneca_sc,"seneca, sc","Seneca, SC",,"Seneca, SC",metro,SC,
pocatello_id,"pocatello, id","Pocatello, ID",,"Pocatello, ID",metro,ID,
findlay_oh,"findlay, oh","Findlay, OH",,"Findlay, OH",metro,OH,
morehead_city_nc,"morehead city, nc","Morehead City, NC",,"Morehead City, NC",metro,NC,
greenfield_town_ma,"Greenfield, MA","Greenfield Town, MA",,,metro,MA,
somerset_pa,"somerset, pa","Somerset, PA",,"Somerset, PA",metro,PA,
keene_nh,"keene, nh","Keene, NH",,"Keene, NH",metro,NH,
centralia_wa,"centralia, wa","Centralia, WA",,"Centralia, WA",metro,WA,
warsaw_in,"warsaw, in","Warsaw, IN",,"Warsaw, IN",metro,IN,
roanoke_rapids_nc,"roanoke rapids, nc","Roanoke Rapids, NC",,"Roanoke Rapids, NC",metro,NC,
searcy_ar,"searcy, ar","Searcy, AR",,"Searcy, AR",metro,AR,
frankfort_ky,"frankfort, ky","Frankfort, KY",,"Frankfort, KY",metro,KY,
hinesville_ga,"hinesville, ga","Hinesville, GA",,"Hinesville, GA",metro,GA,
portsmouth_oh,"portsmouth, oh","Portsmouth, OH",,"Portsmouth, OH",metro,OH,
mount_airy_nc,"mount airy, nc","Mount Airy, NC",,"Mount Airy, NC",metro,NC,
glenwood_springs_co,"Edwards, CO","Glenwood Springs, CO",,"Glenwood Springs, CO",metro,CO,
chillicothe_oh,"chillicothe, oh","Chillicothe, OH",,"Chillicothe, OH",metro,OH,
marinette_wi,"marinette, wi-mi","Marinette, WI",,"Marinette, WI-MI",metro,WI,
martinsville_va,"martinsville, va","Martinsville, VA",,"Martinsville, VA",metro,VA,
stevens_point_wi,"Stevens Point-Plover, WI","Stevens Point, WI",,"Stevens Point, WI",metro,WI,
palatka_fl,"palatka, fl","Palatka, FL",,"Palatka, FL",metro,FL,
marquette_mi,"marquette, mi","Marquette, MI",,"Marquette, MI",metro,MI,
north_wilkesboro_nc,"north wilkesboro, nc","North Wilkesboro, NC",,"North Wilkesboro, NC",metro,NC,
aberdeen_wa,"aberdeen, wa","Aberdeen, WA",,"Aberdeen, WA",metro,WA,
greeneville_tn,"greeneville, tn","Greeneville, TN",,"Greeneville, TN",metro,TN,
huntsville_tx,"huntsville, tx","Huntsville, TX",,"Huntsville, TX",metro,TX,
klamath_falls_or,"klamath falls, or","Klamath Falls, OR",,"Klamath Falls, OR",metro,OR,
shawnee_ok,"shawnee, ok","Shawnee, OK",,"Shawnee, OK",metro,OK,
coos_bay_or,"Coos Bay-North Bend, OR","Coos Bay, OR",,"Coos Bay, OR",metro,OR,
forest_city_nc,"forest city, nc","Forest City, NC",,"Forest City, NC",metro,NC,
owosso_mi,"owosso, mi","Owosso, MI",,,metro,MI,
richmond_in,"richmond, in","Richmond, IN",,"Richmond, IN",metro,IN,
marion_in,"marion, in","Marion, IN",,"Marion, IN",metro,IN,
muskogee_ok,"muskogee, ok","Muskogee, OK",,"Muskogee, OK",metro,OK,
lewiston_id,"lewiston, id-wa","Lewiston, ID",,"Lewiston, ID-WA",metro,ID,
clearlake_ca,"clearlake, ca","Clearlake, CA",,"Clearlake, CA",metro,CA,
baraboo_wi,"baraboo, wi","Baraboo, WI",,"Baraboo, WI",metro,WI,
somerset_ky,"somerset, ky","Somerset, KY",,"Somerset, KY",metro,KY,
mount_pleasant_mi,"mount pleasant, mi","Mount Pleasant, MI",,"Mount Pleasant, MI",metro,MI,
lagrange_ga,"LaGrange, GA-AL","LaGrange, GA",,"LaGrange, GA-AL",metro,GA,
statesboro_ga,"statesboro, ga","Statesboro, GA",,"Statesboro, GA",metro,GA,
hudson_ny,"hudson, ny","Hudson, NY",,"Hudson, NY",metro,NY,
marietta_oh,"marietta, oh","Marietta, OH",,"Marietta, OH",metro,OH,
enid_ok,"enid, ok","Enid, OK",,"Enid, OK",metro,OK,
rutland_vt,"rutland, vt","Rutland, VT",,"Rutland, VT",metro,VT,
hutchinson_ks,"hutchinson, ks","Hutchinson, KS",,"Hutchinson, KS",metro,KS,
charleston_il,"charleston-mattoon, il","Charleston, IL",,"Charleston-Mattoon, IL",metro,IL,
georgetown_sc,"Georgetown, SC","Georgetown, SC",,"Georgetown, SC",metro,SC,
lake_city_fl,"lake city, fl","Lake City, FL",,"Lake City, FL",metro,FL,
fort_madison_ia,"Fort Madison, IA","Fort Madison, IA",,"Fort Madison-Keokuk, IA-IL-MO",metro,IA,
alamogordo_nm,"alamogordo, nm","Alamogordo, NM",,"Alamogordo, NM",metro,NM,
marshall_tx,,"Marshall, TX",,,metro,TX,
laconia_nh,"laconia, nh","Laconia, NH",,"Laconia, NH",metro,NH,
crossville_tn,"crossville, tn","Crossville, TN",,"Crossville, TN",metro,TN,
barre_vt,"barre, vt","Barre, VT",,"Barre, VT",metro,VT,
sayre_pa,"sayre, pa","Sayre, PA",,"Sayre, PA",metro,PA,
salina_ks,"salina, ks","Salina, KS",,"Salina, KS",metro,KS,
kapaa_hi,"kapaa, hi","Kapaa, HI",,"Kapaa, HI",metro,HI,
fergus_falls_mn,"fergus falls, mn","Fergus Falls, MN",,"Fergus Falls, MN",metro,MN,
hobbs_nm,"hobbs, nm","Hobbs, NM",,"Hobbs, NM",metro,NM,
nacogdoches_tx,"nacogdoches, tx","Nacogdoches, TX",,"Nacogdoches, TX",metro,TX,
walla_walla_wa,"walla walla, wa","Walla Walla, WA",,"Walla Walla, WA",metro,WA,
shelton_wa,"shelton, wa","Shelton, WA",,"Shelton, WA",metro,WA,
oneonta_ny,"oneonta, ny","Oneonta, NY",,"Oneonta, NY",metro,NY,
farmington_mo,"farmington, mo","Farmington, MO",,"Farmington, MO",metro,MO,
elizabeth_city_nc,"elizabeth city, nc","Elizabeth City, NC",,"Elizabeth City, NC",metro,NC,
fremont_oh,"fremont, oh","Fremont, OH",,"Fremont, OH",metro,OH,
fairmont_wv,"fairmont, wv","Fairmont, WV",,"Fairmont, WV",metro,WV,
marion_oh,"marion, oh","Marion, OH",,"Marion, OH",metro,OH,
kinston_nc,"kinston, nc","Kinston, NC",,"Kinston, NC",metro,NC,
athens_oh,"athens, oh","Athens, OH",,"Athens, OH",metro,OH,
columbus_ms,"columbus, ms","Columbus, MS",,"Columbus, MS",metro,MS,
albemarle_nc,"albemarle, nc","Albemarle, NC",,"Albemarle, NC",metro,NC,
red_bluff_ca,"red bluff, ca","Red Bluff, CA",,"Red Bluff, CA",metro,CA,
roswell_nm,"roswell, nm","Roswell, NM",,"Roswell, NM",metro,NM,
batavia_ny,"batavia, ny","Batavia, NY",,"Batavia, NY",metro,NY,
big_stone_gap_va,,"Big Stone Gap, VA",,"Big Stone Gap, VA",metro,VA,
gallup_nm,"gallup, nm","Gallup, NM",,"Gallup, NM",metro,NM,
sturgis_mi,"sturgis, mi","Sturgis, MI",,"Sturgis, MI",metro,MI,
faribault_mn,"faribault-northfield, mn","Faribault, MN",,"Faribault-Northfield, MN",metro,MN,
sterling_il,"sterling, il","Sterling, IL",,"Sterling, IL",metro,IL,
sanford_nc,"sanford, nc","Sanford, NC",,"Sanford, NC",metro,NC,
durango_co,"durango, co","Durango, CO",,"Durango, CO",metro,CO,
mount_vernon_oh,"mount vernon, oh","Mount Vernon, OH",,"Mount Vernon, OH",metro,OH,
point_pleasant_wv,,"Point Pleasant, WV",,"Point Pleasant, WV-OH",metro,WV,
ionia_mi,"Ionia, MI","Ionia, MI",,,metro,MI,
norwalk_oh,"norwalk, oh","Norwalk, OH",,"Norwalk, OH",metro,OH,
mason_city_ia,"mason city, ia","Mason City, IA",,"Mason City, IA",metro,IA,
payson_az,"payson, az","Payson, AZ",,"Payson, AZ",metro,AZ,
kearney_ne,"kearney, ne","Kearney, NE",,"Kearney, NE",metro,NE,
oil_city_pa,"oil city, pa","Oil City, PA",,"Oil City, PA",metro,PA,
sonora_ca,"sonora, ca","Sonora, CA",,"Sonora, CA",metro,CA,
carlsbad_nm,"carlsbad-artesia, nm","Carlsbad, NM",,"Carlsbad-Artesia, NM",metro,NM,
gloversville_ny,"gloversville, ny","Gloversville, NY",,"Gloversville, NY",metro,NY,
jefferson_ga,"jefferson, ga","Jefferson, GA",,"Jefferson, GA",metro,GA,
vicksburg_ms,"vicksburg, ms","Vicksburg, MS",,"Vicksburg, MS",metro,MS,
gaffney_sc,"gaffney, sc","Gaffney, SC",,"Gaffney, SC",metro,SC,
jasper_in,"jasper, in","Jasper, IN",,"Jasper, IN",metro,IN,
dublin_ga,"dublin, ga","Dublin, GA",,"Dublin, GA",metro,GA,
bartlesville_ok,"bartlesville, ok","Bartlesville, OK",,"Bartlesville, OK",metro,OK,
oxford_nc,,"Oxford, NC",,,metro,NC,
glasgow_ky,"glasgow, ky","Glasgow, KY",,"Glasgow, KY",metro,KY,
carson_city_nv,"carson city, nv","Carson City, NV",,"Carson City, NV",metro,NV,
tiffin_oh,"tiffin, oh","Tiffin, OH",,"Tiffin, OH",metro,OH,
kerrville_tx,"kerrville, tx","Kerrville, TX",,"Kerrville, TX",metro,TX,
galesburg_il,"galesburg, il","Galesburg, IL",,"Galesburg, IL",metro,IL,
scottsboro_al,"scottsboro, al","Scottsboro, AL",,"Scottsboro, AL",metro,AL,
newport_or,"newport, or","Newport, OR",,"Newport, OR",metro,OR,
boone_nc,"boone, nc","Boone, NC",,"Boone, NC",metro,NC,
oxford_ms,"oxford, ms","Oxford, MS",,"Oxford, MS",metro,MS,
danville_ky,"danville, ky","Danville, KY",,"Danville, KY",metro,KY,
athens_tn,"athens, tn","Athens, TN",,"Athens, TN",metro,TN,
greenville_oh,"greenville, oh","Greenville, OH",,"Greenville, OH",metro,OH,
picayune_ms,"picayune, ms","Picayune, MS",,"Picayune, MS",metro,MS,
gardnerville_ranchos_nv,"Gardnerville Ranchos, NV-CA","Gardnerville Ranchos, NV",,"Gardnerville Ranchos, NV",metro,NV,
waycross_ga,"waycross, ga","Waycross, GA",,"Waycross, GA",metro,GA,
elko_nv,"elko, nv","Elko, NV",,"Elko, NV",metro,NV,
rochelle_il,"rochelle, il","Rochelle, IL",,"Rochelle, IL",metro,IL,
mccomb_ms,"mccomb, ms","McComb, MS",,"McComb, MS",metro,MS,
ashland_oh,"ashland, oh","Ashland, OH",,"Ashland, OH",metro,OH,
enterprise_al,"enterprise, al","Enterprise, AL",,"Enterprise, AL",metro,AL,
warrensburg_mo,"warrensburg, mo","Warrensburg, MO",,"Warrensburg, MO",metro,MO,
burlington_ia,"burlington, ia-il","Burlington, IA",,"Burlington, IA-IL",metro,IA,
washington_nc,"washington, nc","Washington, NC",,"Washington, NC",metro,NC,
fernley_nv,,"Fernley, NV",,"Fernley, NV",metro,NV,
morgan_city_la,"morgan city, la","Morgan City, LA",,"Morgan City, LA",metro,LA,
amsterdam_ny,"amsterdam, ny","Amsterdam, NY",,"Amsterdam, NY",metro,NY,
paris_tx,"paris, tx","Paris, TX",,"Paris, TX",metro,TX,
calhoun_ga,"calhoun, ga","Calhoun, GA",,"Calhoun, GA",metro,GA,
natchez_ms,"natchez, ms-la","Natchez, MS",,"Natchez, MS-LA",metro,MS,
starkville_ms,"starkville, ms","Starkville, MS",,"Starkville, MS",metro,MS,
clinton_ia,"clinton, ia","Clinton, IA",,"Clinton, IA",metro,IA,
ozark_al,"ozark, al","Ozark, AL",,"Ozark, AL",metro,AL,
platteville_wi,"platteville, wi","Platteville, WI",,"Platteville, WI",metro,WI,
edwards_co,"edwards, co","Edwards, CO",,"Edwards, CO",metro,CO,
norfolk_ne,"norfolk, ne","Norfolk, NE",,"Norfolk, NE",metro,NE,
winona_mn,"winona, mn","Winona, MN",,"Winona, MN",metro,MN,
milledgeville_ga,"milledgeville, ga","Milledgeville, GA",,"Milledgeville, GA",metro,GA,
freeport_il,"freeport, il","Freeport, IL",,"Freeport, IL",metro,IL,
cadillac_mi,"cadillac, mi","Cadillac, MI",,"Cadillac, MI",metro,MI,
red_wing_mn,"red wing, mn","Red Wing, MN",,"Red Wing, MN",metro,MN,
malone_ny,,"Malone, NY",,"Malone, NY",metro,NY,
st_marys_ga,,"St. Marys, GA",,"St. Marys, GA",metro,GA,
ardmore_ok,"ardmore, ok","Ardmore, OK",,"Ardmore, OK",metro,OK,
fort_polk_south_la,,"Fort Polk South, LA",,"Fort Polk South, LA",metro,LA,
clovis_nm,"clovis, nm","Clovis, NM",,"Clovis, NM",metro,NM,
pullman_wa,"pullman, wa","Pullman, WA",,"Pullman, WA",metro,WA,
ontario_or,"ontario, or-id","Ontario, OR",,"Ontario, OR-ID",metro,OR,
lewistown_pa,"lewistown, pa","Lewistown, PA",,"Lewistown, PA",metro,PA,
madisonville_ky,"madisonville, ky","Madisonville, KY",,"Madisonville, KY",metro,KY,
shawano_wi,"shawano, wi","Shawano, WI",,"Shawano, WI",metro,WI,
bedford_in,"bedford, in","Bedford, IN",,"Bedford, IN",metro,IN,
harrison_ar,"harrison, ar","Harrison, AR",,"Harrison, AR",metro,AR,
new_castle_in,"new castle, in","New Castle, IN",,"New Castle, IN",metro,IN,
tahlequah_ok,"tahlequah, ok","Tahlequah, OK",,"Tahlequah, OK",metro,OK,
cortland_ny,"cortland, ny","Cortland, NY",,"Cortland, NY",metro,NY,
mountain_home_ar,"mountain home, ar","Mountain Home, AR",,"Mountain Home, AR",metro,AR,
gillette_wy,"gillette, wy","Gillette, WY",,"Gillette, WY",metro,WY,
aberdeen_sd,"aberdeen, sd","Aberdeen, SD",,"Aberdeen, SD",metro,SD,
sidney_oh,"sidney, oh","Sidney, OH",,"Sidney, OH",metro,OH,
ruston_la,"ruston, la","Ruston, LA",,"Ruston, LA",metro,LA,
mount_sterling_ky,"mount sterling, ky","Mount Sterling, KY",,"Mount Sterling, KY",metro,KY,
wapakoneta_oh,"wapakoneta, oh","Wapakoneta, OH",,"Wapakoneta, OH",metro,OH,
rio_grande_city_tx,"Rio Grande City-Roma, TX","Rio Grande City, TX",,"Rio Grande City-Roma, TX",metro,TX,
rockingham_nc,"rockingham, nc","Rockingham, NC",,"Rockingham, NC",metro,NC,
ponca_city_ok,"ponca city, ok","Ponca City, OK",,"Ponca City, OK",metro,OK,
greenville_ms,"greenville, ms","Greenville, MS",,"Greenville, MS",metro,MS,
sandpoint_id,"sandpoint, id","Sandpoint, ID",,"Sandpoint, ID",metro,ID,
bellefontaine_oh,"bellefontaine, oh","Bellefontaine, OH",,"Bellefontaine, OH",metro,OH,
durant_ok,"durant, ok","Durant, OK",,"Durant, OK",metro,OK,
jacksonville_tx,"jacksonville, tx","Jacksonville, TX",,"Jacksonville, TX",metro,TX,
marion_nc,"marion, nc","Marion, NC",,"Marion, NC",metro,NC,
thomasville_ga,"thomasville, ga","Thomasville, GA",,"Thomasville, GA",metro,GA,
bemidji_mn,"bemidji, mn","Bemidji, MN",,"Bemidji, MN",metro,MN,
bogalusa_la,"bogalusa, la","Bogalusa, LA",,"Bogalusa, LA",metro,LA,
bardstown_ky,,"Bardstown, KY",,"Bardstown, KY",metro,KY,
ellensburg_wa,"ellensburg, wa","Ellensburg, WA",,"Ellensburg, WA",metro,WA,
poplar_bluff_mo,"poplar bluff, mo","Poplar Bluff, MO",,"Poplar Bluff, MO",metro,MO,
duncan_ok,"duncan, ok","Duncan, OK",,"Duncan, OK",metro,OK,
port_clinton_oh,,"Port Clinton, OH",,,metro,OH,
pahrump_nv,"pahrump, nv","Pahrump, NV",,"Pahrump, NV",metro,NV,
bucyrus_oh,"bucyrus, oh","Bucyrus, OH",,"Bucyrus-Galion, OH",metro,OH,
corsicana_tx,"corsicana, tx","Corsicana, TX",,"Corsicana, TX",metro,TX,
kendallville_in,"kendallville, in","Kendallville, IN",,"Kendallville, IN",metro,IN,
plymouth_in,"plymouth, in","Plymouth, IN",,"Plymouth, IN",metro,IN,
hillsdale_mi,"hillsdale, mi","Hillsdale, MI",,"Hillsdale, MI",metro,MI,
ottumwa_ia,"ottumwa, ia","Ottumwa, IA",,"Ottumwa, IA",metro,IA,
warren_pa,"warren, pa","Warren, PA",,"Warren, PA",metro,PA,
shelbyville_tn,"shelbyville, tn","Shelbyville, TN",,"Shelbyville, TN",metro,TN,
rolla_mo,"rolla, mo","Rolla, MO",,"Rolla, MO",metro,MO,
mcalester_ok,"mcalester, ok","McAlester, OK",,"McAlester, OK",metro,OK,
seymour_in,"seymour, in","Seymour, IN",,"Seymour, IN",metro,IN,
paragould_ar,"paragould, ar","Paragould, AR",,"Paragould, AR",metro,AR,
henderson_nc,"henderson, nc","Henderson, NC",,"Henderson, NC",metro,NC,
huntingdon_pa,"huntingdon, pa","Huntingdon, PA",,"Huntingdon, PA",metro,PA,
palestine_tx,"palestine, tx","Palestine, TX",,"Palestine, TX",metro,TX,
cullowhee_nc,,"Cullowhee, NC",,"Cullowhee, NC",metro,NC,
rock_springs_wy,"rock springs, wy","Rock Springs, WY",,"Rock Springs, WY",metro,WY,
menomonie_wi,"menomonie, wi","Menomonie, WI",,"Menomonie, WI",metro,WI,
willmar_mn,"willmar, mn","Willmar, MN",,"Willmar, MN",metro,MN,
canon_city_co,"canon city, co","Caon City, CO",,"Caon City, CO",metro,CO,
eagle_pass_tx,"eagle pass, tx","Eagle Pass, TX",,"Eagle Pass, TX",metro,TX,
bradford_pa,"bradford, pa","Bradford, PA",,"Bradford, PA",metro,PA,
laramie_wy,"laramie, wy","Laramie, WY",,"Laramie, WY",metro,WY,
blytheville_ar,"blytheville, ar","Blytheville, AR",,"Blytheville, AR",metro,AR,
kill_devil_hills_nc,"kill devil hills, nc","Kill Devil Hills, NC",,"Kill Devil Hills, NC",metro,NC,
berlin_nh,,"Berlin, NH",,"Berlin, NH",metro,NH,
fort_leonard_wood_mo,"fort leonard wood, mo","Fort Leonard Wood, MO",,"Fort Leonard Wood, MO",metro,MO,
muscatine_ia,"muscatine, ia","Muscatine, IA",,"Muscatine, IA",metro,IA,
lawrenceburg_tn,"lawrenceburg, tn","Lawrenceburg, TN",,"Lawrenceburg, TN",metro,TN,
montrose_co,"montrose, co","Montrose, CO",,"Montrose, CO",metro,CO,
big_rapids_mi,"big rapids, mi","Big Rapids, MI",,"Big Rapids, MI",metro,MI,
sedalia_mo,"sedalia, mo","Sedalia, MO",,"Sedalia, MO",metro,MO,
moultrie_ga,"moultrie, ga","Moultrie, GA",,"Moultrie, GA",metro,GA,
el_dorado_ar,"el dorado, ar","El Dorado, AR",,"El Dorado, AR",metro,AR,
wilmington_oh,"wilmington, oh","Wilmington, OH",,"Wilmington, OH",metro,OH,
astoria_or,"astoria, or","Astoria, OR",,"Astoria, OR",metro,OR,
coldwater_mi,"coldwater, mi","Coldwater, MI",,"Coldwater, MI",metro,MI,
del_rio_tx,"del rio, tx","Del Rio, TX",,"Del Rio, TX",metro,TX,
cambridge_oh,"cambridge, oh","Cambridge, OH",,"Cambridge, OH",metro,OH,
auburn_in,"auburn, in","Auburn, IN",,"Auburn, IN",metro,IN,
west_plains_mo,"west plains, mo","West Plains, MO",,"West Plains, MO",metro,MO,
jacksonville_il,"jacksonville, il","Jacksonville, IL",,"Jacksonville, IL",metro,IL,
murray_ky,"murray, ky","Murray, KY",,"Murray, KY",metro,KY,
selma_al,"selma, al","Selma, AL",,"Selma, AL",metro,AL,
easton_md,"easton, md","Easton, MD",,"Easton, MD",metro,MD,
alexandria_mn,"alexandria, mn","Alexandria, MN",,"Alexandria, MN",metro,MN,
escanaba_mi,"escanaba, mi","Escanaba, MI",,"Escanaba, MI",metro,MI,
mcminnville_tn,"mcminnville, tn","McMinnville, TN",,"McMinnville, TN",metro,TN,
austin_mn,"austin, mn","Austin, MN",,"Austin, MN",metro,MN,
celina_oh,"celina, oh","Celina, OH",,"Celina, OH",metro,OH,
cedar_city_ut,"cedar city, ut","Cedar City, UT",,"Cedar City, UT",metro,UT,
centralia_il,"centralia, il","Centralia, IL",,"Centralia, IL",metro,IL,
espa_nm,"Espanola, NM","Espaola, NM",,"Espaola, NM",metro,NM,
pittsburg_ks,"pittsburg, ks","Pittsburg, KS",,"Pittsburg, KS",metro,KS,
riverton_wy,"riverton, wy","Riverton, WY",,"Riverton, WY",metro,WY,
natchitoches_la,"natchitoches, la","Natchitoches, LA",,"Natchitoches, LA",metro,LA,
hannibal_mo,"hannibal, mo","Hannibal, MO",,"Hannibal, MO",metro,MO,
cornelia_ga,"cornelia, ga","Cornelia, GA",,"Cornelia, GA",metro,GA,
scottsbluff_ne,"scottsbluff, ne","Scottsbluff, NE",,"Scottsbluff, NE",metro,NE,
butte_mt,"butte-silver bow, mt","Butte, MT",,"Butte-Silver Bow, MT",metro,MT,
sikeston_mo,"sikeston, mo","Sikeston, MO",,"Sikeston, MO",metro,MO,
greenwood_ms,"greenwood, ms","Greenwood, MS",,"Greenwood, MS",metro,MS,
marshalltown_ia,"marshalltown, ia","Marshalltown, IA",,"Marshalltown, IA",metro,IA,
moscow_id,"moscow, id","Moscow, ID",,"Moscow, ID",metro,ID,
north_platte_ne,"north platte, ne","North Platte, NE",,"North Platte, NE",metro,NE,
rexburg_id,"rexburg, id","Rexburg, ID",,"Rexburg, ID",metro,ID,
burley_id,"burley, id","Burley, ID",,"Burley, ID",metro,ID,
lock_haven_pa,"lock haven, pa","Lock Haven, PA",,"Lock Haven, PA",metro,PA,
bennington_vt,"bennington, vt","Bennington, VT",,"Bennington, VT",metro,VT,
mount_vernon_il,"mount vernon, il","Mount Vernon, IL",,"Mount Vernon, IL",metro,IL,
nogales_az,"nogales, az","Nogales, AZ",,"Nogales, AZ",metro,AZ,
el_campo_tx,"el campo, tx","El Campo, TX",,"El Campo, TX",metro,TX,
taos_nm,"taos, nm","Taos, NM",,"Taos, NM",metro,NM,
mayfield_ky,"mayfield, ky","Mayfield, KY",,"Mayfield, KY",metro,KY,
stephenville_tx,"stephenville, tx","Stephenville, TX",,"Stephenville, TX",metro,TX,
union_city_tn,"Union City, TN","Union City, TN",,"Union City, TN",metro,TN,
tifton_ga,"tifton, ga","Tifton, GA",,"Tifton, GA",metro,GA,
fort_dodge_ia,"fort dodge, ia",,,"Fort Dodge, IA",metro,IA,
selinsgrove_pa,"selinsgrove, pa","Selinsgrove, PA",,"Selinsgrove, PA",metro,PA,
defiance_oh,"defiance, oh","Defiance, OH",,"Defiance, OH",metro,OH,
vincennes_in,"vincennes, in","Vincennes, IN",,"Vincennes, IN",metro,IN,
lewisburg_pa,"lewisburg, pa","Lewisburg, PA",,"Lewisburg, PA",metro,PA,
crawfordsville_in,"crawfordsville, in","Crawfordsville, IN",,"Crawfordsville, IN",metro,IN,
fremont_ne,"fremont, ne","Fremont, NE",,"Fremont, NE",metro,NE,
houghton_mi,"houghton, mi","Houghton, MI",,"Houghton, MI",metro,MI,
blackfoot_id,"blackfoot, id","Blackfoot, ID",,"Blackfoot, ID",metro,ID,
corinth_ms,"corinth, ms","Corinth, MS",,"Corinth, MS",metro,MS,
newberry_sc,"newberry, sc","Newberry, SC",,"Newberry, SC",metro,SC,
dyersburg_tn,"dyersburg, tn","Dyersburg, TN",,"Dyersburg, TN",metro,TN,
williston_nd,"williston, nd","Williston, ND",,"Williston, ND",metro,ND,
newton_ia,,"Newton, IA",,,metro,IA,
ada_ok,"ada, ok","Ada, OK",,"Ada, OK",metro,OK,
gainesville_tx,"gainesville, tx","Gainesville, TX",,"Gainesville, TX",metro,TX,
cedartown_ga,"cedartown, ga","Cedartown, GA",,"Cedartown, GA",metro,GA,
urbana_oh,"urbana, oh","Urbana, OH",,"Urbana, OH",metro,OH,
douglas_ga,"douglas, ga","Douglas, GA",,"Douglas, GA",metro,GA,
brownwood_tx,"brownwood, tx","Brownwood, TX",,"Brownwood, TX",metro,TX,
newport_tn,"newport, tn","Newport, TN",,"Newport, TN",metro,TN,
alma_mi,"alma, mi","Alma, MI",,"Alma, MI",metro,MI,
brevard_nc,"brevard, nc","Brevard, NC",,"Brevard, NC",metro,NC,
alice_tx,"alice, tx","Alice, TX",,"Alice, TX",metro,TX,
logansport_in,"logansport, in","Logansport, IN",,"Logansport, IN",metro,IN,
batesville_ar,"batesville, ar","Batesville, AR",,"Batesville, AR",metro,AR,
coshocton_oh,"coshocton, oh","Coshocton, OH",,"Coshocton, OH",metro,OH,
summit_park_ut,,"Summit Park, UT",,,metro,UT,
owatonna_mn,"owatonna, mn","Owatonna, MN",,"Owatonna, MN",metro,MN,
hutchinson_mn,"hutchinson, mn","Hutchinson, MN",,"Hutchinson, MN",metro,MN,
dickinson_nd,"dickinson, nd","Dickinson, ND",,"Dickinson, ND",metro,ND,
sault_ste_marie_mi,"sault ste. marie, mi","Sault Ste. Marie, MI",,"Sault Ste. Marie, MI",metro,MI,
pontiac_il,"pontiac, il","Pontiac, IL",,"Pontiac, IL",metro,IL,
bay_city_tx,"bay city, tx","Bay City, TX",,"Bay City, TX",metro,TX,
garden_city_ks,"garden city, ks","Garden City, KS",,"Garden City, KS",metro,KS,
logan_wv,"Logan, WV","Logan, WV",,,metro,WV,
huntington_in,"huntington, in","Huntington, IN",,"Huntington, IN",metro,IN,
lebanon_mo,"lebanon, mo","Lebanon, MO",,"Lebanon, MO",metro,MO,
valley_al,,"Valley, AL",,,metro,AL,
canton_il,"canton, il","Canton, IL",,,metro,IL,
okeechobee_fl,"okeechobee, fl","Okeechobee, FL",,"Okeechobee, FL",metro,FL,
jackson_wy,"jackson, wy-id","Jackson, WY",,"Jackson, WY-ID",metro,WY,
effingham_il,"effingham, il","Effingham, IL",,"Effingham, IL",metro,IL,
sulphur_springs_tx,"sulphur springs, tx","Sulphur Springs, TX",,"Sulphur Springs, TX",metro,TX,
arkansas_city_ks,"arkansas city-winfield, ks","Winfield, KS",,"Winfield, KS",metro,KS,
brenham_tx,"brenham, tx","Brenham, TX",,"Brenham, TX",metro,TX,
vidalia_ga,"vidalia, ga","Vidalia, GA",,"Vidalia, GA",metro,GA,
taylorville_il,"taylorville, il","Taylorville, IL",,"Taylorville, IL",metro,IL,
coffeyville_ks,,"Coffeyville, KS",,"Coffeyville, KS",metro,KS,
martin_tn,"martin, tn","Martin, TN",,"Martin, TN",metro,TN,
paris_tn,"paris, tn","Paris, TN",,"Paris, TN",metro,TN,
junction_city_ks,,"Junction City, KS",,,metro,KS,
americus_ga,"americus, ga","Americus, GA",,"Americus, GA",metro,GA,
angola_in,"angola, in","Angola, IN",,"Angola, IN",metro,IN,
iron_mountain_mi,"iron mountain, mi-wi","Iron Mountain, MI",,"Iron Mountain, MI-WI",metro,MI,
cambridge_md,"cambridge, md","Cambridge, MD",,"Cambridge, MD",metro,MD,
deridder_la,"deridder, la","DeRidder, LA",,"DeRidder, LA",metro,LA,
troy_al,"troy, al","Troy, AL",,"Troy, AL",metro,AL,
brookhaven_ms,"brookhaven, ms","Brookhaven, MS",,"Brookhaven, MS",metro,MS,
laurinburg_nc,"laurinburg, nc","Laurinburg, NC",,"Laurinburg, NC",metro,NC,
seneca_falls_ny,"seneca falls, ny","Seneca Falls, NY",,"Seneca Falls, NY",metro,NY,
dixon_il,"dixon, il","Dixon, IL",,"Dixon, IL",metro,IL,
emporia_ks,"emporia, ks","Emporia, KS",,"Emporia, KS",metro,KS,
albert_lea_mn,"albert lea, mn","Albert Lea, MN",,"Albert Lea, MN",metro,MN,
columbus_ne,"columbus, ne","Columbus, NE",,"Columbus, NE",metro,NE,
peru_in,"peru, in","Peru, IN",,"Peru, IN",metro,IN,
sheridan_wy,"sheridan, wy","Sheridan, WY",,"Sheridan, WY",metro,WY,
juneau_ak,"juneau, ak","Juneau, AK",,"Juneau, AK",metro,AK,
brookings_sd,"brookings, sd","Brookings, SD",,"Brookings, SD",metro,SD,
breckenridge_co,"breckenridge, co","Breckenridge, CO",,"Breckenridge, CO",metro,CO,
jackson_oh,"Jackson, OH","Jackson, OH",,"Jackson, OH",metro,OH,
madison_in,"madison, in","Madison, IN",,"Madison, IN",metro,IN,
alpena_mi,"alpena, mi","Alpena, MI",,"Alpena, MI",metro,MI,
macomb_il,"macomb, il","Macomb, IL",,"Macomb, IL",metro,IL,
malvern_ar,"malvern, ar","Malvern, AR",,"Malvern, AR",metro,AR,
cleveland_ms,"cleveland, ms",,,"Cleveland, MS",metro,MS,
camden_ar,"camden, ar","Camden, AR",,"Camden, AR",metro,AR,
hastings_ne,"hastings, ne","Hastings, NE",,"Hastings, NE",metro,NE,
dayton_tn,,"Dayton, TN",,"Dayton, TN",metro,TN,
silver_city_nm,"silver city, nm","Silver City, NM",,"Silver City, NM",metro,NM,
big_spring_tx,"big spring, tx","Big Spring, TX",,"Big Spring, TX",metro,TX,
wabash_in,"wabash, in","Wabash, IN",,"Wabash, IN",metro,IN,
vernal_ut,"vernal, ut","Vernal, UT",,"Vernal, UT",metro,UT,
kennett_mo,"kennett, mo","Kennett, MO",,"Kennett, MO",metro,MO,
miami_ok,"miami, ok","Miami, OK",,"Miami, OK",metro,OK,
clewiston_fl,"clewiston, fl","Clewiston, FL",,"Clewiston, FL",metro,FL,
hays_ks,"hays, ks","Hays, KS",,"Hays, KS",metro,KS,
lewisburg_tn,"lewisburg, tn","Lewisburg, TN",,"Lewisburg, TN",metro,TN,
decatur_in,"decatur, in","Decatur, IN",,"Decatur, IN",metro,IN,
ludington_mi,"ludington, mi","Ludington, MI",,"Ludington, MI",metro,MI,
watertown_sd,"watertown, sd","Watertown, SD",,"Watertown, SD",metro,SD,
merrill_wi,,"Merrill, WI",,,metro,WI,
mcpherson_ks,"mcpherson, ks","McPherson, KS",,"McPherson, KS",metro,KS,
weatherford_ok,"weatherford, ok","Weatherford, OK",,"Weatherford, OK",metro,OK,
elkins_wv,"elkins, wv","Elkins, WV",,"Elkins, WV",metro,WV,
washington_in,"washington, in","Washington, IN",,"Washington, IN",metro,IN,
frankfort_in,"frankfort, in","Frankfort, IN",,"Frankfort, IN",metro,IN,
safford_az,"safford, az","Safford, AZ",,"Safford, AZ",metro,AZ,
kirksville_mo,"kirksville, mo","Kirksville, MO",,"Kirksville, MO",metro,MO,
arcadia_fl,"arcadia, fl","Arcadia, FL",,"Arcadia, FL",metro,FL,
las_vegas_nm,"las vegas, nm","Las Vegas, NM",,"Las Vegas, NM",metro,NM,
kingsville_tx,"kingsville, tx","Kingsville, TX",,"Kingsville, TX",metro,TX,
middlesborough_ky,"middlesborough, ky","Middlesborough, KY",,"Middlesborough, KY",metro,KY,
dodge_city_ks,"dodge city, ks","Dodge City, KS",,"Dodge City, KS",metro,KS,
washington_court_house_oh,"washington court house, oh","Washington Court House, OH",,"Washington Court House, OH",metro,OH,
van_wert_oh,"van wert, oh","Van Wert, OH",,"Van Wert, OH",metro,OH,
plainview_tx,"plainview, tx","Plainview, TX",,"Plainview, TX",metro,TX,
fredericksburg_tx,"fredericksburg, tx","Fredericksburg, TX",,"Fredericksburg, TX",metro,TX,
hailey_id,"hailey, id","Hailey, ID",,"Hailey, ID",metro,ID,
great_bend_ks,"great bend, ks","Great Bend, KS",,"Great Bend, KS",metro,KS,
spearfish_sd,"spearfish, sd","Spearfish, SD",,"Spearfish, SD",metro,SD,
mineral_wells_tx,"mineral wells, tx","Mineral Wells, TX",,"Mineral Wells, TX",metro,TX,
boone_ia,"Boone, IA","Boone, IA",,,metro,IA,
lincoln_il,"lincoln, il","Lincoln, IL",,"Lincoln, IL",metro,IL,
mount_pleasant_tx,"mount pleasant, tx","Mount Pleasant, TX",,"Mount Pleasant, TX",metro,TX,
la_grande_or,"la grande, or","La Grande, OR",,"La Grande, OR",metro,OR,
new_ulm_mn,"new ulm, mn","New Ulm, MN",,"New Ulm, MN",metro,MN,
fort_morgan_co,"fort morgan, co","Fort Morgan, CO",,"Fort Morgan, CO",metro,CO,
brookings_or,"brookings, or","Brookings, OR",,"Brookings, OR",metro,OR,
greensburg_in,"greensburg, in","Greensburg, IN",,"Greensburg, IN",metro,IN,
north_vernon_in,,"North Vernon, IN",,"North Vernon, IN",metro,IN,
jesup_ga,"jesup, ga","Jesup, GA",,"Jesup, GA",metro,GA,
bastrop_la,,"Bastrop, LA",,,metro,LA,
the_dalles_or,"the dalles, or","The Dalles, OR",,"The Dalles, OR",metro,OR,
thomaston_ga,"thomaston, ga","Thomaston, GA",,"Thomaston, GA",metro,GA,
steamboat_springs_co,"steamboat springs, co","Steamboat Springs, CO",,"Steamboat Springs, CO",metro,CO,
marshall_mn,"marshall, mn","Marshall, MN",,"Marshall, MN",metro,MN,
bainbridge_ga,"bainbridge, ga","Bainbridge, GA",,"Bainbridge, GA",metro,GA,
altus_ok,"altus, ok","Altus, OK",,"Altus, OK",metro,OK,
campbellsville_ky,"campbellsville, ky","Campbellsville, KY",,"Campbellsville, KY",metro,KY,
bennettsville_sc,,"Bennettsville, SC",,"Bennettsville, SC",metro,SC,
ottawa_ks,"ottawa, ks","Ottawa, KS",,"Ottawa, KS",metro,KS,
mountain_home_id,"mountain home, id","Mountain Home, ID",,"Mountain Home, ID",metro,ID,
toccoa_ga,"toccoa, ga","Toccoa, GA",,"Toccoa, GA",metro,GA,
mitchell_sd,"mitchell, sd","Mitchell, SD",,"Mitchell, SD",metro,SD,
crescent_city_ca,"crescent city, ca","Crescent City, CA",,"Crescent City, CA",metro,CA,
mexico_mo,"mexico, mo","Mexico, MO",,"Mexico, MO",metro,MO,
lexington_ne,"lexington, ne","Lexington, NE",,"Lexington, NE",metro,NE,
fallon_nv,"fallon, nv","Fallon, NV",,"Fallon, NV",metro,NV,
wahpeton_nd,"wahpeton, nd-mn","Wahpeton, ND",,"Wahpeton, ND-MN",metro,ND,
beeville_tx,"beeville, tx","Beeville, TX",,"Beeville, TX",metro,TX,
uvalde_tx,"uvalde, tx","Uvalde, TX",,"Uvalde, TX",metro,TX,
pierre_sd,"pierre, sd","Pierre, SD",,"Pierre, SD",metro,SD,
deming_nm,"deming, nm","Deming, NM",,"Deming, NM",metro,NM,
susanville_ca,"susanville, ca","Susanville, CA",,"Susanville, CA",metro,CA,
magnolia_ar,"magnolia, ar","Magnolia, AR",,"Magnolia, AR",metro,AR,
connersville_in,"connersville, in","Connersville, IN",,"Connersville, IN",metro,IN,
jamestown_nd,"jamestown, nd","Jamestown, ND",,"Jamestown, ND",metro,ND,
beatrice_ne,"beatrice, ne","Beatrice, NE",,"Beatrice, NE",metro,NE,
moberly_mo,"moberly, mo","Moberly, MO",,"Moberly, MO",metro,MO,
heber_ut,"heber, ut","Heber, UT",,"Heber, UT",metro,UT,
yankton_sd,"yankton, sd","Yankton, SD",,"Yankton, SD",metro,SD,
summerville_ga,"summerville, ga","Summerville, GA",,"Summerville, GA",metro,GA,
grants_nm,,"Grants, NM",,"Grants, NM",metro,NM,
forrest_city_ar,"forrest city, ar","Forrest City, AR",,"Forrest City, AR",metro,AR,
oskaloosa_ia,"oskaloosa, ia","Oskaloosa, IA",,"Oskaloosa, IA",metro,IA,
marshall_mo,"marshall, mo","Marshall, MO",,"Marshall, MO",metro,MO,
elk_city_ok,"elk city, ok","Elk City, OK",,"Elk City, OK",metro,OK,
clarksdale_ms,"clarksdale, ms",,,"Clarksdale, MS",metro,MS,
grenada_ms,"grenada, ms","Grenada, MS",,"Grenada, MS",metro,MS,
cordele_ga,"cordele, ga","Cordele, GA",,"Cordele, GA",metro,GA,
prineville_or,,"Prineville, OR",,"Prineville, OR",metro,OR,
borger_tx,"borger, tx","Borger, TX",,"Borger, TX",metro,TX,
hood_river_or,"hood river, or","Hood River, OR",,"Hood River, OR",metro,OR,
pampa_tx,"pampa, tx","Pampa, TX",,"Pampa, TX",metro,TX,
arkadelphia_ar,"arkadelphia, ar","Arkadelphia, AR",,"Arkadelphia, AR",metro,AR,
levelland_tx,,"Levelland, TX",,"Levelland, TX",metro,TX,
woodward_ok,"woodward, ok","Woodward, OK",,"Woodward, OK",metro,OK,
parsons_ks,,"Parsons, KS",,"Parsons, KS",metro,KS,
maryville_mo,"maryville, mo","Maryville, MO",,"Maryville, MO",metro,MO,
indianola_ms,,"Indianola, MS",,"Indianola, MS",metro,MS,
wauchula_fl,,"Wauchula, FL",,"Wauchula, FL",metro,FL,
port_lavaca_tx,"port lavaca, tx","Port Lavaca, TX",,"Port Lavaca, TX",metro,TX,
vineyard_haven_ma,"vineyard haven, ma","Vineyard Haven, MA",,"Vineyard Haven, MA",metro,MA,
sterling_co,"sterling, co","Sterling, CO",,"Sterling, CO",metro,CO,
worthington_mn,"worthington, mn","Worthington, MN",,"Worthington, MN",metro,MN,
spirit_lake_ia,"spirit lake, ia","Spirit Lake, IA",,"Spirit Lake, IA",metro,IA,
evanston_wy,"Evanston, WY-UT","Evanston, WY",,"Evanston, WY",metro,WY,
price_ut,"price, ut","Price, UT",,"Price, UT",metro,UT,
guymon_ok,"guymon, ok","Guymon, OK",,"Guymon, OK",metro,OK,
storm_lake_ia,"storm lake, ia","Storm Lake, IA",,"Storm Lake, IA",metro,IA,
huron_sd,"huron, sd","Huron, SD",,"Huron, SD",metro,SD,
helena_ar,,"Helena, AR",,"Helena-West Helena, AR",metro,AR,
liberal_ks,"liberal, ks","Liberal, KS",,"Liberal, KS",metro,KS,
los_alamos_nm,"los alamos, nm","Los Alamos, NM",,"Los Alamos, NM",metro,NM,
spencer_ia,"spencer, ia","Spencer, IA",,"Spencer, IA",metro,IA,
fairfield_ia,,"Fairfield, IA",,"Fairfield, IA",metro,IA,
dumas_tx,"dumas, tx","Dumas, TX",,"Dumas, TX",metro,TX,
portales_nm,,"Portales, NM",,"Portales, NM",metro,NM,
winnemucca_nv,"winnemucca, nv","Winnemucca, NV",,"Winnemucca, NV",metro,NV,
maysville_ky,,"Maysville, KY",,"Maysville, KY",metro,KY,
fitzgerald_ga,"fitzgerald, ga","Fitzgerald, GA",,"Fitzgerald, GA",metro,GA,
andrews_tx,"andrews, tx","Andrews, TX",,"Andrews, TX",metro,TX,
hereford_tx,"hereford, tx","Hereford, TX",,"Hereford, TX",metro,TX,
snyder_tx,"snyder, tx","Snyder, TX",,"Snyder, TX",metro,TX,
sweetwater_tx,"sweetwater, tx","Sweetwater, TX",,"Sweetwater, TX",metro,TX,
atchison_ks,"atchison, ks","Atchison, KS",,"Atchison, KS",metro,KS,
othello_wa,"othello, wa","Othello, WA",,"Othello, WA",metro,WA,
raymondville_tx,"raymondville, tx","Raymondville, TX",,"Raymondville, TX",metro,TX,
ketchikan_ak,"ketchikan, ak","Ketchikan, AK",,"Ketchikan, AK",metro,AK,
vermillion_sd,"vermillion, sd","Vermillion, SD",,"Vermillion, SD",metro,SD,
vernon_tx,"vernon, tx","Vernon, TX",,"Vernon, TX",metro,TX,
craig_co,,"Craig, CO",,"Craig, CO",metro,CO,
lamesa_tx,,"Lamesa, TX",,"Lamesa, TX",metro,TX,
zapata_tx,"zapata, tx","Zapata, TX",,"Zapata, TX",metro,TX,
pecos_tx,"Town of Pecos, TX","Pecos, TX",,"Pecos, TX",metro,TX,
stamford_ct,"Bridgeport-Stamford-Danbury, CT","Stamford, CT",,,metro,CT,
ventura_ca,"Oxnard-Thousand Oaks-Ventura, CA","Ventura, CA",,,metro,CA,
fort_myers_fl,"Cape Coral-Fort Myers, FL","Fort Myers, FL",,,metro,FL,
daytona_beach_fl,"Deltona-Daytona Beach-Ormond Beach, FL","Daytona Beach, FL",,,metro,FL,
melbourne_fl,"Palm Bay-Melbourne-Titusville, FL","Melbourne, FL",,,metro,FL,
new_london_ct,"Norwich-New London-Willimantic, CT","New London, CT",,,metro,CT,
vero_beach_fl,"Sebastian-Vero Beach-West Vero Corridor, FL","Vero Beach, FL",,,metro,FL,
poughkeepsie_ny,"Kiryas Joel-Poughkeepsie-Newburgh, NY","Poughkeepsie, NY",,"Poughkeepsie-Newburgh-Middletown, NY",metro,NY,
aguadilla_pr,"Aguadilla, PR",,,"Aguadilla-Isabela, PR",metro,PR,
ponce_pr,"Ponce, PR",,,"Ponce, PR",metro,PR,
arecibo_pr,"Arecibo, PR",,,"Arecibo, PR",metro,PR,
san_german_pr,"San Juan-Bayamon-Caguas, PR",,,"San Germn, PR",metro,PR,
mayaguez_pr,"Mayaguez, PR",,,"Mayagez, PR",metro,PR,
yauco_pr,,,,"Yauco, PR",metro,PR,
guayama_pr,"Guayama, PR",,,"Guayama, PR",metro,PR,
fort_payne_al,"Fort Payne, AL",,,"Fort Payne, AL",metro,AL,
jasper_al,,,,"Jasper, AL",metro,AL,
granbury_tx,"Granbury, TX",,,"Granbury, TX",metro,TX,
alexander_city_al,"Alexander City, AL",,,"Alexander City, AL",metro,AL,
minden_la,"Minden, LA",,,"Minden, LA",metro,LA,
coamo_pr,"Coamo, PR",,,"Coamo, PR",metro,PR,
atmore_al,,,,"Atmore, AL",metro,AL,
bonham_tx,"Bonham, TX",,,"Bonham, TX",metro,TX,
pella_ia,"Pella, IA",,,"Pella, IA",metro,IA,
mount_gay_wv,,"Mount Gay, WV",,"Mount Gay-Shamrock, WV",metro,WV,
jennings_la,,,,"Jennings, LA",metro,LA,
central_city_ky,,,,"Central City, KY",metro,KY,
st_marys_pa,"St. Marys, PA",,,"St. Marys, PA",metro,PA,
hope_ar,,,,"Hope, AR",metro,AR,
union_sc,"Union, SC",,,"Union, SC",metro,SC,
coco_pr,"Coco, PR",,,"Coco, PR",metro,PR,
eufaula_ga,"Eufaula, AL-GA",,,"Eufaula, AL-GA",metro,GA,
scottsburg_in,,,,"Scottsburg, IN",metro,IN,
rockport_tx,,,,"Rockport, TX",metro,TX,
santa_isabel_pr,,,,"Santa Isabel, PR",metro,PR,
pearsall_tx,,,,"Pearsall, TX",metro,TX,
carroll_ia,"Carroll, IA",,,"Carroll, IA",metro,IA,
fairmont_mn,"Fairmont, MN",,,"Fairmont, MN",metro,MN,
ruidoso_nm,"Ruidoso, NM",,,"Ruidoso, NM",metro,NM,
west_point_ms,,,,"West Point, MS",metro,MS,
brownsville_tn,,,,"Brownsville, TN",metro,TN,
jayuya_pr,,,,"Jayuya, PR",metro,PR,
bluffton_in,,,,,metro,IN,
elgin_il,"Chicago-Naperville-Elgin, IL-IN",,,,metro,IL,
coeur_d'alene_id,,,,,metro,ID,
fort_worth_tx,"Dallas-Fort Worth-Arlington, TX",,,,metro,TX,
warren_mi,"Detroit-Warren-Dearborn, MI",,,,metro,MI,
espaola_nm,"Espanola, NM",,,,metro,NM,
eufaula_al,"Eufaula, AL-GA",,,,metro,AL,
grand_rapids_mn,"Grand Rapids, MN",,,,metro,MN,
huntington_ashland_wv_ky_oh,"Huntington-Ashland, WV-KY-OH",,,,metro,OH,
anaheim_ca,"Los Angeles-Long Beach-Anaheim, CA","Anaheim, CA",,,metro,CA,
fort_lauderdale_fl,"Miami-Fort Lauderdale-West Palm Beach, FL",,Fort Lauderdale,,metro,FL,
newark_nj,"New York-Newark-Jersey City, NY-NJ","Newark, NJ",,,metro,NJ,
wilmington_de,"Philadelphia-Camden-Wilmington, PA-NJ-DE-MD","Wilmington, DE",,,metro,DE,
camden_nj,"Philadelphia-Camden-Wilmington, PA-NJ-DE-MD",,,,metro,NJ,
oakland_ca,"San Francisco-Oakland-Fremont, CA",,,,metro,CA,
tacoma_wa,"Seattle-Tacoma-Bellevue, WA",,,,metro,WA,
winfield_ks,"Arkansas City-Winfield, KS",,,,metro,KS,
youngstown_warren_boardman_oh_pa,"Youngstown-Warren, OH",,,,metro,PA,